{
  "auc": {
    "point": 1.0,
    "ci_lo": 0.9999999999999999,
    "ci_hi": 1.0,
    "resamples": 1000,
    "confidence": 0.95
  },
  "r_at_fpr_0.001": {
    "target_fpr": 0.001,
    "point": 1.0,
    "ci_lo": 1.0,
    "ci_hi": 1.0,
    "resamples": 1000,
    "confidence": 0.95
  },
  "r_at_fpr_0.01": {
    "target_fpr": 0.01,
    "point": 1.0,
    "ci_lo": 1.0,
    "ci_hi": 1.0,
    "resamples": 1000,
    "confidence": 0.95
  },
  "r_at_fpr_0.05": {
    "target_fpr": 0.05,
    "point": 1.0,
    "ci_lo": 1.0,
    "ci_hi": 1.0,
    "resamples": 1000,
    "confidence": 0.95
  },
  "hard_negative_fpr_at_1pct": {
    "target_fpr": 0.01,
    "metric_version": 2,
    "per_family": {
      "hn_account_recovery": {
        "point": 0.05243872549019608,
        "ci_lo": 0.04132552649134575,
        "ci_hi": 0.0646681056701031,
        "resamples": 1000,
        "confidence": 0.95
      },
      "hn_large_purchase": {
        "point": 0.02615264797507788,
        "ci_lo": 0.011450639209243144,
        "ci_hi": 0.039972951482987046,
        "resamples": 1000,
        "confidence": 0.95
      },
      "hn_travel": {
        "point": 0.0,
        "ci_lo": 0.0,
        "ci_hi": 0.0,
        "resamples": 1000,
        "confidence": 0.95
      }
    },
    "worst_family": {
      "point": 0.05243872549019608,
      "ci_lo": 0.04197711847179795,
      "ci_hi": 0.0646681056701031,
      "resamples": 1000,
      "confidence": 0.95
    },
    "mean": {
      "point": 0.02619712448842465,
      "ci_lo": 0.02410921850185086,
      "ci_hi": 0.02829264270938195,
      "resamples": 1000,
      "confidence": 0.95
    },
    "tie_fraction_mean": 0.002052424155484944,
    "achieved_fpr_mean": 0.01,
    "threshold_mean": -9.404625,
    "alpha_mean": 0.4766240596443032,
    "threshold_point": -9.5,
    "alpha_point": 0.3949999999999996,
    "tie_fraction_point": 0.000671366230278617,
    "achieved_fpr_point": 0.01,
    "resamples": 1000,
    "confidence": 0.95
  }
}