{
  "auc": {
    "point": 1.0,
    "ci_lo": 0.9999999999999999,
    "ci_hi": 1.0000000000000002,
    "resamples": 1000,
    "confidence": 0.95
  },
  "r_at_fpr_0.001": {
    "target_fpr": 0.001,
    "point": 1.0,
    "ci_lo": 1.0,
    "ci_hi": 1.0,
    "resamples": 1000,
    "confidence": 0.95
  },
  "r_at_fpr_0.01": {
    "target_fpr": 0.01,
    "point": 1.0,
    "ci_lo": 1.0,
    "ci_hi": 1.0,
    "resamples": 1000,
    "confidence": 0.95
  },
  "r_at_fpr_0.05": {
    "target_fpr": 0.05,
    "point": 1.0,
    "ci_lo": 1.0,
    "ci_hi": 1.0,
    "resamples": 1000,
    "confidence": 0.95
  },
  "hard_negative_fpr_at_1pct": {
    "target_fpr": 0.01,
    "metric_version": 2,
    "per_family": {
      "hn_account_recovery": {
        "point": 0.06075980392156863,
        "ci_lo": 0.04938842342367519,
        "ci_hi": 0.07129149622747397,
        "resamples": 1000,
        "confidence": 0.95
      },
      "hn_large_purchase": {
        "point": 0.01557632398753894,
        "ci_lo": 0.005320515767215274,
        "ci_hi": 0.029610164691530143,
        "resamples": 1000,
        "confidence": 0.95
      },
      "hn_travel": {
        "point": 0.0,
        "ci_lo": 0.0,
        "ci_hi": 0.0,
        "resamples": 1000,
        "confidence": 0.95
      }
    },
    "worst_family": {
      "point": 0.06075980392156863,
      "ci_lo": 0.04938842342367519,
      "ci_hi": 0.07129149622747397,
      "resamples": 1000,
      "confidence": 0.95
    },
    "mean": {
      "point": 0.025445375969702522,
      "ci_lo": 0.023297863807023953,
      "ci_hi": 0.027653652263903917,
      "resamples": 1000,
      "confidence": 0.95
    },
    "tie_fraction_mean": 0.0011316893744999965,
    "achieved_fpr_mean": 0.01,
    "threshold_mean": -7.830999937534332,
    "alpha_mean": 0.5162095101565104,
    "threshold_point": -7.75,
    "alpha_point": 0.8949999999999996,
    "tie_fraction_point": 0.000671366230278617,
    "achieved_fpr_point": 0.01,
    "resamples": 1000,
    "confidence": 0.95
  }
}