{
  "auc": {
    "point": 0.9999999999999999,
    "ci_lo": 0.9999999999999999,
    "ci_hi": 1.0,
    "resamples": 1000,
    "confidence": 0.95
  },
  "r_at_fpr_0.001": {
    "target_fpr": 0.001,
    "point": 1.0,
    "ci_lo": 1.0,
    "ci_hi": 1.0,
    "resamples": 1000,
    "confidence": 0.95
  },
  "r_at_fpr_0.01": {
    "target_fpr": 0.01,
    "point": 1.0,
    "ci_lo": 1.0,
    "ci_hi": 1.0,
    "resamples": 1000,
    "confidence": 0.95
  },
  "r_at_fpr_0.05": {
    "target_fpr": 0.05,
    "point": 1.0,
    "ci_lo": 1.0,
    "ci_hi": 1.0,
    "resamples": 1000,
    "confidence": 0.95
  },
  "hard_negative_fpr_at_1pct": {
    "target_fpr": 0.01,
    "metric_version": 2,
    "per_family": {
      "hn_account_recovery": {
        "point": 0.06346813725490195,
        "ci_lo": 0.0543633590908051,
        "ci_hi": 0.07436404958677686,
        "resamples": 1000,
        "confidence": 0.95
      },
      "hn_large_purchase": {
        "point": 0.012133956386292834,
        "ci_lo": 0.0,
        "ci_hi": 0.022956519379003358,
        "resamples": 1000,
        "confidence": 0.95
      },
      "hn_travel": {
        "point": 0.0,
        "ci_lo": 0.0,
        "ci_hi": 0.0,
        "resamples": 1000,
        "confidence": 0.95
      }
    },
    "worst_family": {
      "point": 0.06346813725490195,
      "ci_lo": 0.0543633590908051,
      "ci_hi": 0.07436404958677686,
      "resamples": 1000,
      "confidence": 0.95
    },
    "mean": {
      "point": 0.025200697880398262,
      "ci_lo": 0.022949305239070048,
      "ci_hi": 0.027276244298613927,
      "resamples": 1000,
      "confidence": 0.95
    },
    "tie_fraction_mean": 0.0011696528811749205,
    "achieved_fpr_mean": 0.01,
    "threshold_mean": -7.4488749833106995,
    "alpha_mean": 0.5163453939393942,
    "threshold_point": -7.375,
    "alpha_point": 0.8949999999999996,
    "tie_fraction_point": 0.000671366230278617,
    "achieved_fpr_point": 0.01,
    "resamples": 1000,
    "confidence": 0.95
  }
}