{
  "target_fpr": 0.01,
  "metric_version": 2,
  "per_family": {
    "hn_account_recovery": {
      "point": 0.04850490196078431,
      "ci_lo": 0.03496816342257866,
      "ci_hi": 0.061260785972692265,
      "resamples": 1000,
      "confidence": 0.95
    },
    "hn_large_purchase": {
      "point": 0.028037383177570093,
      "ci_lo": 0.012818471337579618,
      "ci_hi": 0.04638850241545893,
      "resamples": 1000,
      "confidence": 0.95
    },
    "hn_travel": {
      "point": 0.002008032128514056,
      "ci_lo": 0.0,
      "ci_hi": 0.006052830940988835,
      "resamples": 1000,
      "confidence": 0.95
    }
  },
  "worst_family": {
    "point": 0.04850490196078431,
    "ci_lo": 0.039545445631924706,
    "ci_hi": 0.061260785972692265,
    "resamples": 1000,
    "confidence": 0.95
  },
  "mean": {
    "point": 0.02618343908895615,
    "ci_lo": 0.024198170662390706,
    "ci_hi": 0.02827119179392336,
    "resamples": 1000,
    "confidence": 0.95
  },
  "tie_fraction_mean": 0.00198211027100531,
  "achieved_fpr_mean": 0.01,
  "threshold_mean": -9.139,
  "alpha_mean": 0.5043737203907206,
  "threshold_point": -9.125,
  "alpha_point": 0.5966666666666663,
  "tie_fraction_point": 0.0010070493454179255,
  "achieved_fpr_point": 0.01,
  "resamples": 1000,
  "confidence": 0.95
}