{
  "target_fpr": 0.01,
  "metric_version": 2,
  "per_family": {
    "hn_account_recovery": {
      "point": 0.05830882352941176,
      "ci_lo": 0.04359409378461204,
      "ci_hi": 0.06788272603817647,
      "resamples": 1000,
      "confidence": 0.95
    },
    "hn_large_purchase": {
      "point": 0.018691588785046728,
      "ci_lo": 0.009089539978094197,
      "ci_hi": 0.037505896226415085,
      "resamples": 1000,
      "confidence": 0.95
    },
    "hn_travel": {
      "point": 0.0,
      "ci_lo": 0.0,
      "ci_hi": 0.0,
      "resamples": 1000,
      "confidence": 0.95
    }
  },
  "worst_family": {
    "point": 0.05830882352941176,
    "ci_lo": 0.04360888377337217,
    "ci_hi": 0.06788272603817647,
    "resamples": 1000,
    "confidence": 0.95
  },
  "mean": {
    "point": 0.025666804104819498,
    "ci_lo": 0.02384686039104603,
    "ci_hi": 0.02813407636008381,
    "resamples": 1000,
    "confidence": 0.95
  },
  "tie_fraction_mean": 0.0013979244459087557,
  "achieved_fpr_mean": 0.01,
  "threshold_mean": -9.061375,
  "alpha_mean": 0.5194151875901878,
  "threshold_point": -9.0,
  "alpha_point": 0.9299999999999997,
  "tie_fraction_point": 0.0010070493454179255,
  "achieved_fpr_point": 0.01,
  "resamples": 1000,
  "confidence": 0.95
}