{
  "target_fpr": 0.01,
  "metric_version": 2,
  "per_family": {
    "hn_account_recovery": {
      "point": 0.05067156862745098,
      "ci_lo": 0.03851792896923621,
      "ci_hi": 0.06349122095010253,
      "resamples": 1000,
      "confidence": 0.95
    },
    "hn_large_purchase": {
      "point": 0.026660436137071652,
      "ci_lo": 0.012169412555590032,
      "ci_hi": 0.041798088276969576,
      "resamples": 1000,
      "confidence": 0.95
    },
    "hn_travel": {
      "point": 0.001120481927710843,
      "ci_lo": 0.0,
      "ci_hi": 0.004426266915353782,
      "resamples": 1000,
      "confidence": 0.95
    }
  },
  "worst_family": {
    "point": 0.05067156862745098,
    "ci_lo": 0.04077617222991793,
    "ci_hi": 0.06349122095010253,
    "resamples": 1000,
    "confidence": 0.95
  },
  "mean": {
    "point": 0.02615082889741116,
    "ci_lo": 0.024225827202281613,
    "ci_hi": 0.028286737525932693,
    "resamples": 1000,
    "confidence": 0.95
  },
  "tie_fraction_mean": 0.0019094934860702198,
  "achieved_fpr_mean": 0.01,
  "threshold_mean": -9.620875,
  "alpha_mean": 0.4989102298844947,
  "threshold_point": -9.625,
  "alpha_point": 0.5579999999999998,
  "tie_fraction_point": 0.0016784155756965425,
  "achieved_fpr_point": 0.01,
  "resamples": 1000,
  "confidence": 0.95
}