{
  "auc": {
    "point": 1.0,
    "ci_lo": 0.9999999999999999,
    "ci_hi": 1.0000000000000002,
    "resamples": 1000,
    "confidence": 0.95
  },
  "r_at_fpr_0.001": {
    "target_fpr": 0.001,
    "point": 1.0,
    "ci_lo": 1.0,
    "ci_hi": 1.0,
    "resamples": 1000,
    "confidence": 0.95
  },
  "r_at_fpr_0.01": {
    "target_fpr": 0.01,
    "point": 1.0,
    "ci_lo": 1.0,
    "ci_hi": 1.0,
    "resamples": 1000,
    "confidence": 0.95
  },
  "r_at_fpr_0.05": {
    "target_fpr": 0.05,
    "point": 1.0,
    "ci_lo": 1.0,
    "ci_hi": 1.0,
    "resamples": 1000,
    "confidence": 0.95
  },
  "hard_negative_fpr_at_1pct": {
    "target_fpr": 0.01,
    "metric_version": 2,
    "per_family": {
      "hn_account_recovery": {
        "point": 0.05721200980392157,
        "ci_lo": 0.04547661191976596,
        "ci_hi": 0.06912249705912439,
        "resamples": 1000,
        "confidence": 0.95
      },
      "hn_large_purchase": {
        "point": 0.020085669781931464,
        "ci_lo": 0.008332756232686981,
        "ci_hi": 0.03462141331615703,
        "resamples": 1000,
        "confidence": 0.95
      },
      "hn_travel": {
        "point": 0.0,
        "ci_lo": 0.0,
        "ci_hi": 0.0,
        "resamples": 1000,
        "confidence": 0.95
      }
    },
    "worst_family": {
      "point": 0.05721200980392157,
      "ci_lo": 0.04547661191976596,
      "ci_hi": 0.06912249705912439,
      "resamples": 1000,
      "confidence": 0.95
    },
    "mean": {
      "point": 0.025765893195284346,
      "ci_lo": 0.023724798916626627,
      "ci_hi": 0.027908870790017613,
      "resamples": 1000,
      "confidence": 0.95
    },
    "tie_fraction_mean": 0.0015447978598880092,
    "achieved_fpr_mean": 0.01,
    "threshold_mean": -9.190625,
    "alpha_mean": 0.4977373823953825,
    "threshold_point": -9.25,
    "alpha_point": 0.4474999999999998,
    "tie_fraction_point": 0.001342732460557234,
    "achieved_fpr_point": 0.01,
    "resamples": 1000,
    "confidence": 0.95
  }
}