{
  "auc": {
    "point": 0.9999999999999999,
    "ci_lo": 0.9999999999999999,
    "ci_hi": 1.0,
    "resamples": 1000,
    "confidence": 0.95
  },
  "r_at_fpr_0.001": {
    "target_fpr": 0.001,
    "point": 1.0,
    "ci_lo": 1.0,
    "ci_hi": 1.0,
    "resamples": 1000,
    "confidence": 0.95
  },
  "r_at_fpr_0.01": {
    "target_fpr": 0.01,
    "point": 1.0,
    "ci_lo": 1.0,
    "ci_hi": 1.0,
    "resamples": 1000,
    "confidence": 0.95
  },
  "r_at_fpr_0.05": {
    "target_fpr": 0.05,
    "point": 1.0,
    "ci_lo": 1.0,
    "ci_hi": 1.0,
    "resamples": 1000,
    "confidence": 0.95
  },
  "hard_negative_fpr_at_1pct": {
    "target_fpr": 0.01,
    "metric_version": 2,
    "per_family": {
      "hn_account_recovery": {
        "point": 0.06429411764705882,
        "ci_lo": 0.055256055717565304,
        "ci_hi": 0.07427626259419184,
        "resamples": 1000,
        "confidence": 0.95
      },
      "hn_large_purchase": {
        "point": 0.01108411214953271,
        "ci_lo": 0.0,
        "ci_hi": 0.021538461538461538,
        "resamples": 1000,
        "confidence": 0.95
      },
      "hn_travel": {
        "point": 0.0,
        "ci_lo": 0.0,
        "ci_hi": 0.0,
        "resamples": 1000,
        "confidence": 0.95
      }
    },
    "worst_family": {
      "point": 0.06429411764705882,
      "ci_lo": 0.055256055717565304,
      "ci_hi": 0.07427626259419184,
      "resamples": 1000,
      "confidence": 0.95
    },
    "mean": {
      "point": 0.025126076598863845,
      "ci_lo": 0.02298364953647547,
      "ci_hi": 0.027254204672309552,
      "resamples": 1000,
      "confidence": 0.95
    },
    "tie_fraction_mean": 0.0016217331099347067,
    "achieved_fpr_mean": 0.01,
    "threshold_mean": -7.492875,
    "alpha_mean": 0.5142050852480854,
    "threshold_point": -7.5,
    "alpha_point": 0.5579999999999998,
    "tie_fraction_point": 0.0016784155756965425,
    "achieved_fpr_point": 0.01,
    "resamples": 1000,
    "confidence": 0.95
  }
}