{
  "stripped": {
    "auc": {
      "point": 1.0,
      "ci_lo": 0.9999999999999999,
      "ci_hi": 1.0000000000000002,
      "resamples": 1000,
      "confidence": 0.95
    },
    "r_at_fpr_0.001": {
      "target_fpr": 0.001,
      "point": 1.0,
      "ci_lo": 1.0,
      "ci_hi": 1.0,
      "resamples": 1000,
      "confidence": 0.95
    },
    "r_at_fpr_0.01": {
      "target_fpr": 0.01,
      "point": 1.0,
      "ci_lo": 1.0,
      "ci_hi": 1.0,
      "resamples": 1000,
      "confidence": 0.95
    },
    "r_at_fpr_0.05": {
      "target_fpr": 0.05,
      "point": 1.0,
      "ci_lo": 1.0,
      "ci_hi": 1.0,
      "resamples": 1000,
      "confidence": 0.95
    },
    "hard_negative_fpr_at_1pct": {
      "target_fpr": 0.01,
      "metric_version": 2,
      "per_family": {
        "hn_account_recovery": {
          "point": 0.05721200980392157,
          "ci_lo": 0.04547661191976596,
          "ci_hi": 0.06912249705912439,
          "resamples": 1000,
          "confidence": 0.95
        },
        "hn_large_purchase": {
          "point": 0.020085669781931464,
          "ci_lo": 0.008332756232686981,
          "ci_hi": 0.03462141331615703,
          "resamples": 1000,
          "confidence": 0.95
        },
        "hn_travel": {
          "point": 0.0,
          "ci_lo": 0.0,
          "ci_hi": 0.0,
          "resamples": 1000,
          "confidence": 0.95
        }
      },
      "worst_family": {
        "point": 0.05721200980392157,
        "ci_lo": 0.04547661191976596,
        "ci_hi": 0.06912249705912439,
        "resamples": 1000,
        "confidence": 0.95
      },
      "mean": {
        "point": 0.025765893195284346,
        "ci_lo": 0.023724798916626627,
        "ci_hi": 0.027908870790017613,
        "resamples": 1000,
        "confidence": 0.95
      },
      "tie_fraction_mean": 0.0015447978598880092,
      "achieved_fpr_mean": 0.01,
      "threshold_mean": -9.190625,
      "alpha_mean": 0.4977373823953825,
      "threshold_point": -9.25,
      "alpha_point": 0.4474999999999998,
      "tie_fraction_point": 0.001342732460557234,
      "achieved_fpr_point": 0.01,
      "resamples": 1000,
      "confidence": 0.95
    }
  },
  "opaque": {
    "auc": {
      "point": 0.9999999999999999,
      "ci_lo": 0.9999999999999999,
      "ci_hi": 1.0,
      "resamples": 1000,
      "confidence": 0.95
    },
    "r_at_fpr_0.001": {
      "target_fpr": 0.001,
      "point": 1.0,
      "ci_lo": 1.0,
      "ci_hi": 1.0,
      "resamples": 1000,
      "confidence": 0.95
    },
    "r_at_fpr_0.01": {
      "target_fpr": 0.01,
      "point": 1.0,
      "ci_lo": 1.0,
      "ci_hi": 1.0,
      "resamples": 1000,
      "confidence": 0.95
    },
    "r_at_fpr_0.05": {
      "target_fpr": 0.05,
      "point": 1.0,
      "ci_lo": 1.0,
      "ci_hi": 1.0,
      "resamples": 1000,
      "confidence": 0.95
    },
    "hard_negative_fpr_at_1pct": {
      "target_fpr": 0.01,
      "metric_version": 2,
      "per_family": {
        "hn_account_recovery": {
          "point": 0.06429411764705882,
          "ci_lo": 0.055256055717565304,
          "ci_hi": 0.07427626259419184,
          "resamples": 1000,
          "confidence": 0.95
        },
        "hn_large_purchase": {
          "point": 0.01108411214953271,
          "ci_lo": 0.0,
          "ci_hi": 0.021538461538461538,
          "resamples": 1000,
          "confidence": 0.95
        },
        "hn_travel": {
          "point": 0.0,
          "ci_lo": 0.0,
          "ci_hi": 0.0,
          "resamples": 1000,
          "confidence": 0.95
        }
      },
      "worst_family": {
        "point": 0.06429411764705882,
        "ci_lo": 0.055256055717565304,
        "ci_hi": 0.07427626259419184,
        "resamples": 1000,
        "confidence": 0.95
      },
      "mean": {
        "point": 0.025126076598863845,
        "ci_lo": 0.02298364953647547,
        "ci_hi": 0.027254204672309552,
        "resamples": 1000,
        "confidence": 0.95
      },
      "tie_fraction_mean": 0.0016217331099347067,
      "achieved_fpr_mean": 0.01,
      "threshold_mean": -7.492875,
      "alpha_mean": 0.5142050852480854,
      "threshold_point": -7.5,
      "alpha_point": 0.5579999999999998,
      "tie_fraction_point": 0.0016784155756965425,
      "achieved_fpr_point": 0.01,
      "resamples": 1000,
      "confidence": 0.95
    }
  },
  "full": {
    "auc": {
      "point": 1.0,
      "ci_lo": 0.9999999999999999,
      "ci_hi": 1.0000000000000002,
      "resamples": 1000,
      "confidence": 0.95
    },
    "r_at_fpr_0.001": {
      "target_fpr": 0.001,
      "point": 1.0,
      "ci_lo": 1.0,
      "ci_hi": 1.0,
      "resamples": 1000,
      "confidence": 0.95
    },
    "r_at_fpr_0.01": {
      "target_fpr": 0.01,
      "point": 1.0,
      "ci_lo": 1.0,
      "ci_hi": 1.0,
      "resamples": 1000,
      "confidence": 0.95
    },
    "r_at_fpr_0.05": {
      "target_fpr": 0.05,
      "point": 1.0,
      "ci_lo": 1.0,
      "ci_hi": 1.0,
      "resamples": 1000,
      "confidence": 0.95
    },
    "hard_negative_fpr_at_1pct": {
      "target_fpr": 0.01,
      "metric_version": 2,
      "per_family": {
        "hn_account_recovery": {
          "point": 0.06075980392156863,
          "ci_lo": 0.049869070541391815,
          "ci_hi": 0.07134691603177175,
          "resamples": 1000,
          "confidence": 0.95
        },
        "hn_large_purchase": {
          "point": 0.01557632398753894,
          "ci_lo": 0.004143542918300537,
          "ci_hi": 0.028849637681159418,
          "resamples": 1000,
          "confidence": 0.95
        },
        "hn_travel": {
          "point": 0.0,
          "ci_lo": 0.0,
          "ci_hi": 0.0,
          "resamples": 1000,
          "confidence": 0.95
        }
      },
      "worst_family": {
        "point": 0.06075980392156863,
        "ci_lo": 0.049869070541391815,
        "ci_hi": 0.07134691603177175,
        "resamples": 1000,
        "confidence": 0.95
      },
      "mean": {
        "point": 0.025445375969702522,
        "ci_lo": 0.023335951298175124,
        "ci_hi": 0.027649673455129045,
        "resamples": 1000,
        "confidence": 0.95
      },
      "tie_fraction_mean": 0.0011686545577266991,
      "achieved_fpr_mean": 0.01,
      "threshold_mean": -7.868,
      "alpha_mean": 0.5097776240981243,
      "threshold_point": -7.875,
      "alpha_point": 0.7899999999999991,
      "tie_fraction_point": 0.0003356831151393085,
      "achieved_fpr_point": 0.01,
      "resamples": 1000,
      "confidence": 0.95
    }
  }
}