{
  "n": 5002,
  "metric_version": 5,
  "auc": 0.999784081798765,
  "r_at_fpr_0.001": {
    "target_fpr": 0.001,
    "achieved_fpr": 0.001,
    "threshold": 2.375,
    "alpha": 0.5140000000000002,
    "n_above": 3,
    "n_tied": 1,
    "need": 3.5140000000000002,
    "tie_fraction": 0.0002845759817871372,
    "recall": 0.9402822580645162,
    "n_positive": 1488,
    "n_negative": 3514
  },
  "r_at_fpr_0.01": {
    "target_fpr": 0.01,
    "achieved_fpr": 0.01,
    "threshold": -0.6250000596046448,
    "alpha": 0.14000000000000057,
    "n_above": 35,
    "n_tied": 1,
    "need": 35.14,
    "tie_fraction": 0.0002845759817871372,
    "recall": 0.9986559139784946,
    "n_positive": 1488,
    "n_negative": 3514
  },
  "r_at_fpr_0.05": {
    "target_fpr": 0.05,
    "achieved_fpr": 0.05,
    "threshold": -5.0,
    "alpha": 0.39687500000000053,
    "n_above": 163,
    "n_tied": 32,
    "need": 175.70000000000002,
    "tie_fraction": 0.00910643141718839,
    "recall": 1.0,
    "n_positive": 1488,
    "n_negative": 3514
  },
  "per_journey_auc": {
    "clean": NaN,
    "cred_stuff": 1.0,
    "hn_account_recovery": NaN,
    "hn_large_purchase": NaN,
    "hn_recovery_high_amount": NaN,
    "hn_travel": NaN,
    "malware_rat": 1.0,
    "mule_chain": 1.0,
    "phish_takeover": 0.9999904717863242,
    "phish_takeover_mfa_phished": 0.9992885600455321,
    "sim_swap": 0.9991277930947823
  },
  "per_actor_auc": {
    "agent_adversarial": NaN,
    "agent_buying": 1.0,
    "agent_compromised": NaN,
    "agent_finance": 1.0,
    "human": 0.9995541562922265,
    "hybrid": 1.0
  },
  "hard_negative_fpr_at_decision_threshold_1pct": {
    "hn_account_recovery": 0.0,
    "hn_large_purchase": 0.0,
    "hn_recovery_high_amount": 0.45051282051282054,
    "hn_travel": 0.0,
    "_threshold_alpha": [
      -0.6250000596046448,
      0.14000000000000057
    ]
  },
  "hard_negative_fpr_at_decision_threshold_1pct_tie_aware": {
    "hn_account_recovery": 0.0,
    "hn_large_purchase": 0.0,
    "hn_recovery_high_amount": 0.45051282051282054,
    "hn_travel": 0.0,
    "_threshold_alpha": [
      -0.6250000596046448,
      0.14000000000000057
    ]
  },
  "v5_adversarial": {
    "target_fpr": 0.01,
    "metric_version": 5,
    "threshold": -0.6250000596046448,
    "alpha": 0.14000000000000057,
    "v5_adv_error": 0.15486577585169134,
    "components": {
      "phish_takeover_miss": 0.0,
      "phish_takeover_mfa_phished_miss": 0.014084507042253502,
      "hn_recovery_high_amount_fpr": 0.45051282051282054
    },
    "families": {
      "phish_takeover": {
        "family": "phish_takeover",
        "label": "fraud",
        "n": 224,
        "rate": 1.0,
        "n_above": 224,
        "n_tied": 0,
        "recall": 1.0,
        "miss": 0.0
      },
      "phish_takeover_mfa_phished": {
        "family": "phish_takeover_mfa_phished",
        "label": "fraud",
        "n": 71,
        "rate": 0.9859154929577465,
        "n_above": 70,
        "n_tied": 0,
        "recall": 0.9859154929577465,
        "miss": 0.014084507042253502
      },
      "hn_recovery_high_amount": {
        "family": "hn_recovery_high_amount",
        "label": "legit",
        "n": 78,
        "rate": 0.45051282051282054,
        "n_above": 35,
        "n_tied": 1,
        "fpr": 0.45051282051282054
      }
    }
  },
  "v5_adv_error": 0.15486577585169134
}