{
  "stripped": {
    "auc": {
      "point": 1.0,
      "ci_lo": 0.9999999999999999,
      "ci_hi": 1.0,
      "resamples": 1000,
      "confidence": 0.95
    },
    "r_at_fpr_0.001": {
      "target_fpr": 0.001,
      "point": 1.0,
      "ci_lo": 1.0,
      "ci_hi": 1.0,
      "resamples": 1000,
      "confidence": 0.95
    },
    "r_at_fpr_0.01": {
      "target_fpr": 0.01,
      "point": 1.0,
      "ci_lo": 1.0,
      "ci_hi": 1.0,
      "resamples": 1000,
      "confidence": 0.95
    },
    "r_at_fpr_0.05": {
      "target_fpr": 0.05,
      "point": 1.0,
      "ci_lo": 1.0,
      "ci_hi": 1.0,
      "resamples": 1000,
      "confidence": 0.95
    },
    "hard_negative_fpr_at_1pct": {
      "target_fpr": 0.01,
      "metric_version": 2,
      "per_family": {
        "hn_account_recovery": {
          "point": 0.05856617647058823,
          "ci_lo": 0.04599172719935432,
          "ci_hi": 0.06830073494358811,
          "resamples": 1000,
          "confidence": 0.95
        },
        "hn_large_purchase": {
          "point": 0.01836448598130841,
          "ci_lo": 0.00724014593748975,
          "ci_hi": 0.03376106602107434,
          "resamples": 1000,
          "confidence": 0.95
        },
        "hn_travel": {
          "point": 0.0,
          "ci_lo": 0.0,
          "ci_hi": 0.0,
          "resamples": 1000,
          "confidence": 0.95
        }
      },
      "worst_family": {
        "point": 0.05856617647058823,
        "ci_lo": 0.04599172719935432,
        "ci_hi": 0.06830073494358811,
        "resamples": 1000,
        "confidence": 0.95
      },
      "mean": {
        "point": 0.025643554150632214,
        "ci_lo": 0.023664761566825534,
        "ci_hi": 0.027834549114134664,
        "resamples": 1000,
        "confidence": 0.95
      },
      "tie_fraction_mean": 0.0011071606138640595,
      "achieved_fpr_mean": 0.01,
      "threshold_mean": -8.99125,
      "alpha_mean": 0.5297445912698415,
      "threshold_point": -9.0,
      "alpha_point": 0.8949999999999996,
      "tie_fraction_point": 0.000671366230278617,
      "achieved_fpr_point": 0.01,
      "resamples": 1000,
      "confidence": 0.95
    }
  },
  "opaque": {
    "auc": {
      "point": 1.0,
      "ci_lo": 0.9999999999999999,
      "ci_hi": 1.0,
      "resamples": 1000,
      "confidence": 0.95
    },
    "r_at_fpr_0.001": {
      "target_fpr": 0.001,
      "point": 1.0,
      "ci_lo": 1.0,
      "ci_hi": 1.0,
      "resamples": 1000,
      "confidence": 0.95
    },
    "r_at_fpr_0.01": {
      "target_fpr": 0.01,
      "point": 1.0,
      "ci_lo": 1.0,
      "ci_hi": 1.0,
      "resamples": 1000,
      "confidence": 0.95
    },
    "r_at_fpr_0.05": {
      "target_fpr": 0.05,
      "point": 1.0,
      "ci_lo": 1.0,
      "ci_hi": 1.0,
      "resamples": 1000,
      "confidence": 0.95
    },
    "hard_negative_fpr_at_1pct": {
      "target_fpr": 0.01,
      "metric_version": 2,
      "per_family": {
        "hn_account_recovery": {
          "point": 0.06501633986928104,
          "ci_lo": 0.05478581140350878,
          "ci_hi": 0.07414265255292653,
          "resamples": 1000,
          "confidence": 0.95
        },
        "hn_large_purchase": {
          "point": 0.010166147455867082,
          "ci_lo": 0.0024754489337822723,
          "ci_hi": 0.022188152922248,
          "resamples": 1000,
          "confidence": 0.95
        },
        "hn_travel": {
          "point": 0.0,
          "ci_lo": 0.0,
          "ci_hi": 0.0,
          "resamples": 1000,
          "confidence": 0.95
        }
      },
      "worst_family": {
        "point": 0.06501633986928104,
        "ci_lo": 0.05478581140350878,
        "ci_hi": 0.07414265255292653,
        "resamples": 1000,
        "confidence": 0.95
      },
      "mean": {
        "point": 0.02506082910838271,
        "ci_lo": 0.022956393896155843,
        "ci_hi": 0.02726882386524982,
        "resamples": 1000,
        "confidence": 0.95
      },
      "tie_fraction_mean": 0.0014912422849912318,
      "achieved_fpr_mean": 0.01,
      "threshold_mean": -7.52775,
      "alpha_mean": 0.5315124242701745,
      "threshold_point": -7.5,
      "alpha_point": 0.26333333333333303,
      "tie_fraction_point": 0.0010070493454179255,
      "achieved_fpr_point": 0.01,
      "resamples": 1000,
      "confidence": 0.95
    }
  },
  "full": {
    "auc": {
      "point": 1.0,
      "ci_lo": 0.9999999999999999,
      "ci_hi": 1.0,
      "resamples": 1000,
      "confidence": 0.95
    },
    "r_at_fpr_0.001": {
      "target_fpr": 0.001,
      "point": 1.0,
      "ci_lo": 1.0,
      "ci_hi": 1.0,
      "resamples": 1000,
      "confidence": 0.95
    },
    "r_at_fpr_0.01": {
      "target_fpr": 0.01,
      "point": 1.0,
      "ci_lo": 1.0,
      "ci_hi": 1.0,
      "resamples": 1000,
      "confidence": 0.95
    },
    "r_at_fpr_0.05": {
      "target_fpr": 0.05,
      "point": 1.0,
      "ci_lo": 1.0,
      "ci_hi": 1.0,
      "resamples": 1000,
      "confidence": 0.95
    },
    "hard_negative_fpr_at_1pct": {
      "target_fpr": 0.01,
      "metric_version": 2,
      "per_family": {
        "hn_account_recovery": {
          "point": 0.05966299019607844,
          "ci_lo": 0.04729423444976077,
          "ci_hi": 0.0707773488253211,
          "resamples": 1000,
          "confidence": 0.95
        },
        "hn_large_purchase": {
          "point": 0.016970404984423676,
          "ci_lo": 0.0060785668232476745,
          "ci_hi": 0.03175171770254963,
          "resamples": 1000,
          "confidence": 0.95
        },
        "hn_travel": {
          "point": 0.0,
          "ci_lo": 0.0,
          "ci_hi": 0.0,
          "resamples": 1000,
          "confidence": 0.95
        }
      },
      "worst_family": {
        "point": 0.05966299019607844,
        "ci_lo": 0.04729423444976077,
        "ci_hi": 0.0707773488253211,
        "resamples": 1000,
        "confidence": 0.95
      },
      "mean": {
        "point": 0.02554446506016737,
        "ci_lo": 0.02354350024807324,
        "ci_hi": 0.027710554712743942,
        "resamples": 1000,
        "confidence": 0.95
      },
      "tie_fraction_mean": 0.0012485039168137133,
      "achieved_fpr_mean": 0.01,
      "threshold_mean": -7.8965,
      "alpha_mean": 0.5187294805194808,
      "threshold_point": -7.875,
      "alpha_point": 0.4474999999999998,
      "tie_fraction_point": 0.001342732460557234,
      "achieved_fpr_point": 0.01,
      "resamples": 1000,
      "confidence": 0.95
    }
  }
}