{
  "auc": {
    "point": 1.0,
    "ci_lo": 0.9999999999999999,
    "ci_hi": 1.0,
    "resamples": 1000,
    "confidence": 0.95
  },
  "r_at_fpr_0.001": {
    "target_fpr": 0.001,
    "point": 1.0,
    "ci_lo": 1.0,
    "ci_hi": 1.0,
    "resamples": 1000,
    "confidence": 0.95
  },
  "r_at_fpr_0.01": {
    "target_fpr": 0.01,
    "point": 1.0,
    "ci_lo": 1.0,
    "ci_hi": 1.0,
    "resamples": 1000,
    "confidence": 0.95
  },
  "r_at_fpr_0.05": {
    "target_fpr": 0.05,
    "point": 1.0,
    "ci_lo": 1.0,
    "ci_hi": 1.0,
    "resamples": 1000,
    "confidence": 0.95
  },
  "hard_negative_fpr_at_1pct": {
    "target_fpr": 0.01,
    "metric_version": 2,
    "per_family": {
      "hn_account_recovery": {
        "point": 0.05966299019607844,
        "ci_lo": 0.04729423444976077,
        "ci_hi": 0.0707773488253211,
        "resamples": 1000,
        "confidence": 0.95
      },
      "hn_large_purchase": {
        "point": 0.016970404984423676,
        "ci_lo": 0.0060785668232476745,
        "ci_hi": 0.03175171770254963,
        "resamples": 1000,
        "confidence": 0.95
      },
      "hn_travel": {
        "point": 0.0,
        "ci_lo": 0.0,
        "ci_hi": 0.0,
        "resamples": 1000,
        "confidence": 0.95
      }
    },
    "worst_family": {
      "point": 0.05966299019607844,
      "ci_lo": 0.04729423444976077,
      "ci_hi": 0.0707773488253211,
      "resamples": 1000,
      "confidence": 0.95
    },
    "mean": {
      "point": 0.02554446506016737,
      "ci_lo": 0.02354350024807324,
      "ci_hi": 0.027710554712743942,
      "resamples": 1000,
      "confidence": 0.95
    },
    "tie_fraction_mean": 0.0012485039168137133,
    "achieved_fpr_mean": 0.01,
    "threshold_mean": -7.8965,
    "alpha_mean": 0.5187294805194808,
    "threshold_point": -7.875,
    "alpha_point": 0.4474999999999998,
    "tie_fraction_point": 0.001342732460557234,
    "achieved_fpr_point": 0.01,
    "resamples": 1000,
    "confidence": 0.95
  }
}