{
  "auc": {
    "point": 1.0,
    "ci_lo": 0.9999999999999999,
    "ci_hi": 1.0,
    "resamples": 1000,
    "confidence": 0.95
  },
  "r_at_fpr_0.001": {
    "target_fpr": 0.001,
    "point": 1.0,
    "ci_lo": 1.0,
    "ci_hi": 1.0,
    "resamples": 1000,
    "confidence": 0.95
  },
  "r_at_fpr_0.01": {
    "target_fpr": 0.01,
    "point": 1.0,
    "ci_lo": 1.0,
    "ci_hi": 1.0,
    "resamples": 1000,
    "confidence": 0.95
  },
  "r_at_fpr_0.05": {
    "target_fpr": 0.05,
    "point": 1.0,
    "ci_lo": 1.0,
    "ci_hi": 1.0,
    "resamples": 1000,
    "confidence": 0.95
  },
  "hard_negative_fpr_at_1pct": {
    "target_fpr": 0.01,
    "metric_version": 2,
    "per_family": {
      "hn_account_recovery": {
        "point": 0.05856617647058823,
        "ci_lo": 0.04599172719935432,
        "ci_hi": 0.06830073494358811,
        "resamples": 1000,
        "confidence": 0.95
      },
      "hn_large_purchase": {
        "point": 0.01836448598130841,
        "ci_lo": 0.00724014593748975,
        "ci_hi": 0.03376106602107434,
        "resamples": 1000,
        "confidence": 0.95
      },
      "hn_travel": {
        "point": 0.0,
        "ci_lo": 0.0,
        "ci_hi": 0.0,
        "resamples": 1000,
        "confidence": 0.95
      }
    },
    "worst_family": {
      "point": 0.05856617647058823,
      "ci_lo": 0.04599172719935432,
      "ci_hi": 0.06830073494358811,
      "resamples": 1000,
      "confidence": 0.95
    },
    "mean": {
      "point": 0.025643554150632214,
      "ci_lo": 0.023664761566825534,
      "ci_hi": 0.027834549114134664,
      "resamples": 1000,
      "confidence": 0.95
    },
    "tie_fraction_mean": 0.0011071606138640595,
    "achieved_fpr_mean": 0.01,
    "threshold_mean": -8.99125,
    "alpha_mean": 0.5297445912698415,
    "threshold_point": -9.0,
    "alpha_point": 0.8949999999999996,
    "tie_fraction_point": 0.000671366230278617,
    "achieved_fpr_point": 0.01,
    "resamples": 1000,
    "confidence": 0.95
  }
}