{
  "stripped": {
    "auc": {
      "point": 0.9717545907001793,
      "ci_lo": 0.9671324231683099,
      "ci_hi": 0.9763970137116664,
      "resamples": 1000,
      "confidence": 0.95
    },
    "r_at_fpr_0.001": {
      "target_fpr": 0.001,
      "point": 0.6888629032258065,
      "ci_lo": 0.6623371595367847,
      "ci_hi": 0.7144954030111702,
      "resamples": 1000,
      "confidence": 0.95
    },
    "r_at_fpr_0.01": {
      "target_fpr": 0.01,
      "point": 0.7527927120669056,
      "ci_lo": 0.7207151408737993,
      "ci_hi": 0.7786604662164586,
      "resamples": 1000,
      "confidence": 0.95
    },
    "r_at_fpr_0.05": {
      "target_fpr": 0.05,
      "point": 0.8792562724014337,
      "ci_lo": 0.8617554822916119,
      "ci_hi": 0.8967451048446712,
      "resamples": 1000,
      "confidence": 0.95
    },
    "hard_negative_fpr_at_1pct": {
      "target_fpr": 0.01,
      "metric_version": 2,
      "per_family": {
        "hn_account_recovery": {
          "point": 0.0,
          "ci_lo": 0.0,
          "ci_hi": 0.0,
          "resamples": 1000,
          "confidence": 0.95
        },
        "hn_large_purchase": {
          "point": 0.0,
          "ci_lo": 0.0,
          "ci_hi": 0.0,
          "resamples": 1000,
          "confidence": 0.95
        },
        "hn_recovery_high_amount": {
          "point": 0.4248717948717949,
          "ci_lo": 0.3419501724137931,
          "ci_hi": 0.527667032967033,
          "resamples": 1000,
          "confidence": 0.95
        },
        "hn_travel": {
          "point": 0.003976143141153081,
          "ci_lo": 0.0,
          "ci_hi": 0.010142503174524645,
          "resamples": 1000,
          "confidence": 0.95
        }
      },
      "worst_family": {
        "point": 0.4248717948717949,
        "ci_lo": 0.3419501724137931,
        "ci_hi": 0.527667032967033,
        "resamples": 1000,
        "confidence": 0.95
      },
      "mean": {
        "point": 0.10721198450323699,
        "ci_lo": 0.08739369238762898,
        "ci_hi": 0.13286158386472766,
        "resamples": 1000,
        "confidence": 0.95
      },
      "tie_fraction_mean": 0.002564863383203092,
      "achieved_fpr_mean": 0.010000000000000002,
      "threshold_mean": 1.0938750013709069,
      "alpha_mean": 0.5157402190474011,
      "threshold_point": 1.0,
      "alpha_point": 0.01555555555555562,
      "tie_fraction_point": 0.0025611838360842347,
      "achieved_fpr_point": 0.01,
      "resamples": 1000,
      "confidence": 0.95
    },
    "v5_adv_error": {
      "target_fpr": 0.01,
      "metric_version": 5,
      "point": 0.7516005040212788,
      "ci_lo": 0.7208127240390964,
      "ci_hi": 0.7828135041200724,
      "resamples": 1000,
      "confidence": 0.95,
      "components": {
        "phish_takeover_miss": {
          "point": 0.8301488095238095,
          "ci_lo": 0.7718193712611034,
          "ci_hi": 0.8787453304597701,
          "resamples": 1000,
          "confidence": 0.95
        },
        "phish_takeover_mfa_phished_miss": {
          "point": 0.9997809076682316,
          "ci_lo": 0.9767285664699756,
          "ci_hi": 1.0,
          "resamples": 1000,
          "confidence": 0.95
        },
        "hn_recovery_high_amount_fpr": {
          "point": 0.4248717948717949,
          "ci_lo": 0.3419501724137931,
          "ci_hi": 0.527667032967033,
          "resamples": 1000,
          "confidence": 0.95
        }
      },
      "point_details": {
        "target_fpr": 0.01,
        "metric_version": 5,
        "threshold": 1.0,
        "alpha": 0.01555555555555562,
        "v5_adv_error": 0.7516005040212788,
        "components": {
          "phish_takeover_miss": 0.8301488095238095,
          "phish_takeover_mfa_phished_miss": 0.9997809076682316,
          "hn_recovery_high_amount_fpr": 0.4248717948717949
        },
        "families": {
          "phish_takeover": {
            "family": "phish_takeover",
            "label": "fraud",
            "n": 224,
            "rate": 0.1698511904761905,
            "n_above": 38,
            "n_tied": 3,
            "recall": 0.1698511904761905,
            "miss": 0.8301488095238095
          },
          "phish_takeover_mfa_phished": {
            "family": "phish_takeover_mfa_phished",
            "label": "fraud",
            "n": 71,
            "rate": 0.00021909233176838902,
            "n_above": 0,
            "n_tied": 1,
            "recall": 0.00021909233176838902,
            "miss": 0.9997809076682316
          },
          "hn_recovery_high_amount": {
            "family": "hn_recovery_high_amount",
            "label": "legit",
            "n": 78,
            "rate": 0.4248717948717949,
            "n_above": 33,
            "n_tied": 9,
            "fpr": 0.4248717948717949
          }
        }
      }
    }
  },
  "opaque": {
    "auc": {
      "point": 0.9717545907001793,
      "ci_lo": 0.9671324231683099,
      "ci_hi": 0.9763970137116664,
      "resamples": 1000,
      "confidence": 0.95
    },
    "r_at_fpr_0.001": {
      "target_fpr": 0.001,
      "point": 0.6888629032258065,
      "ci_lo": 0.6623371595367847,
      "ci_hi": 0.7144954030111702,
      "resamples": 1000,
      "confidence": 0.95
    },
    "r_at_fpr_0.01": {
      "target_fpr": 0.01,
      "point": 0.7527927120669056,
      "ci_lo": 0.7207151408737993,
      "ci_hi": 0.7786604662164586,
      "resamples": 1000,
      "confidence": 0.95
    },
    "r_at_fpr_0.05": {
      "target_fpr": 0.05,
      "point": 0.8792562724014337,
      "ci_lo": 0.8617554822916119,
      "ci_hi": 0.8967451048446712,
      "resamples": 1000,
      "confidence": 0.95
    },
    "hard_negative_fpr_at_1pct": {
      "target_fpr": 0.01,
      "metric_version": 2,
      "per_family": {
        "hn_account_recovery": {
          "point": 0.0,
          "ci_lo": 0.0,
          "ci_hi": 0.0,
          "resamples": 1000,
          "confidence": 0.95
        },
        "hn_large_purchase": {
          "point": 0.0,
          "ci_lo": 0.0,
          "ci_hi": 0.0,
          "resamples": 1000,
          "confidence": 0.95
        },
        "hn_recovery_high_amount": {
          "point": 0.4248717948717949,
          "ci_lo": 0.3419501724137931,
          "ci_hi": 0.527667032967033,
          "resamples": 1000,
          "confidence": 0.95
        },
        "hn_travel": {
          "point": 0.003976143141153081,
          "ci_lo": 0.0,
          "ci_hi": 0.010142503174524645,
          "resamples": 1000,
          "confidence": 0.95
        }
      },
      "worst_family": {
        "point": 0.4248717948717949,
        "ci_lo": 0.3419501724137931,
        "ci_hi": 0.527667032967033,
        "resamples": 1000,
        "confidence": 0.95
      },
      "mean": {
        "point": 0.10721198450323699,
        "ci_lo": 0.08739369238762898,
        "ci_hi": 0.13286158386472766,
        "resamples": 1000,
        "confidence": 0.95
      },
      "tie_fraction_mean": 0.002564863383203092,
      "achieved_fpr_mean": 0.010000000000000002,
      "threshold_mean": 1.0938750013709069,
      "alpha_mean": 0.5157402190474011,
      "threshold_point": 1.0,
      "alpha_point": 0.01555555555555562,
      "tie_fraction_point": 0.0025611838360842347,
      "achieved_fpr_point": 0.01,
      "resamples": 1000,
      "confidence": 0.95
    },
    "v5_adv_error": {
      "target_fpr": 0.01,
      "metric_version": 5,
      "point": 0.7516005040212788,
      "ci_lo": 0.7208127240390964,
      "ci_hi": 0.7828135041200724,
      "resamples": 1000,
      "confidence": 0.95,
      "components": {
        "phish_takeover_miss": {
          "point": 0.8301488095238095,
          "ci_lo": 0.7718193712611034,
          "ci_hi": 0.8787453304597701,
          "resamples": 1000,
          "confidence": 0.95
        },
        "phish_takeover_mfa_phished_miss": {
          "point": 0.9997809076682316,
          "ci_lo": 0.9767285664699756,
          "ci_hi": 1.0,
          "resamples": 1000,
          "confidence": 0.95
        },