{
  "n": 5002,
  "metric_version": 5,
  "auc": 0.9717545907001793,
  "r_at_fpr_0.001": {
    "target_fpr": 0.001,
    "achieved_fpr": 0.001,
    "threshold": 2.125,
    "alpha": 0.5140000000000002,
    "n_above": 3,
    "n_tied": 1,
    "need": 3.5140000000000002,
    "tie_fraction": 0.0002845759817871372,
    "recall": 0.6888629032258065,
    "n_positive": 1488,
    "n_negative": 3514
  },
  "r_at_fpr_0.01": {
    "target_fpr": 0.01,
    "achieved_fpr": 0.01,
    "threshold": 1.0,
    "alpha": 0.01555555555555562,
    "n_above": 35,
    "n_tied": 9,
    "need": 35.14,
    "tie_fraction": 0.0025611838360842347,
    "recall": 0.7527927120669056,
    "n_positive": 1488,
    "n_negative": 3514
  },
  "r_at_fpr_0.05": {
    "target_fpr": 0.05,
    "achieved_fpr": 0.05,
    "threshold": -0.75,
    "alpha": 0.6333333333333337,
    "n_above": 151,
    "n_tied": 39,
    "need": 175.70000000000002,
    "tie_fraction": 0.01109846328969835,
    "recall": 0.8792562724014337,
    "n_positive": 1488,
    "n_negative": 3514
  },
  "per_journey_auc": {
    "clean": NaN,
    "cred_stuff": 1.0,
    "hn_account_recovery": NaN,
    "hn_large_purchase": NaN,
    "hn_recovery_high_amount": NaN,
    "hn_travel": NaN,
    "malware_rat": 0.9998949114838498,
    "mule_chain": 1.0,
    "phish_takeover": 0.9317138334417432,
    "phish_takeover_mfa_phished": 0.6615670116315422,
    "sim_swap": 0.9913241283474635
  },
  "per_actor_auc": {
    "agent_adversarial": NaN,
    "agent_buying": 0.5798138869005011,
    "agent_compromised": NaN,
    "agent_finance": 0.7693217665615142,
    "human": 0.9653740200012347,
    "hybrid": 0.9556051587301587
  },
  "hard_negative_fpr_at_decision_threshold_1pct": {
    "hn_account_recovery": 0.0,
    "hn_large_purchase": 0.0,
    "hn_recovery_high_amount": 0.4248717948717949,
    "hn_travel": 0.003976143141153081,
    "_threshold_alpha": [
      1.0,
      0.01555555555555562
    ]
  },
  "hard_negative_fpr_at_decision_threshold_1pct_tie_aware": {
    "hn_account_recovery": 0.0,
    "hn_large_purchase": 0.0,
    "hn_recovery_high_amount": 0.4248717948717949,
    "hn_travel": 0.003976143141153081,
    "_threshold_alpha": [
      1.0,
      0.01555555555555562
    ]
  },
  "v5_adversarial": {
    "target_fpr": 0.01,
    "metric_version": 5,
    "threshold": 1.0,
    "alpha": 0.01555555555555562,
    "v5_adv_error": 0.7516005040212788,
    "components": {
      "phish_takeover_miss": 0.8301488095238095,
      "phish_takeover_mfa_phished_miss": 0.9997809076682316,
      "hn_recovery_high_amount_fpr": 0.4248717948717949
    },
    "families": {
      "phish_takeover": {
        "family": "phish_takeover",
        "label": "fraud",
        "n": 224,
        "rate": 0.1698511904761905,
        "n_above": 38,
        "n_tied": 3,
        "recall": 0.1698511904761905,
        "miss": 0.8301488095238095
      },
      "phish_takeover_mfa_phished": {
        "family": "phish_takeover_mfa_phished",
        "label": "fraud",
        "n": 71,
        "rate": 0.00021909233176838902,
        "n_above": 0,
        "n_tied": 1,
        "recall": 0.00021909233176838902,
        "miss": 0.9997809076682316
      },
      "hn_recovery_high_amount": {
        "family": "hn_recovery_high_amount",
        "label": "legit",
        "n": 78,
        "rate": 0.4248717948717949,
        "n_above": 33,
        "n_tied": 9,
        "fpr": 0.4248717948717949
      }
    }
  },
  "v5_adv_error": 0.7516005040212788
}