{
  "stripped": {
    "auc": {
      "point": 0.9997411467800076,
      "ci_lo": 0.999594125418449,
      "ci_hi": 0.9998595384208175,
      "resamples": 1000,
      "confidence": 0.95
    },
    "r_at_fpr_0.001": {
      "target_fpr": 0.001,
      "point": 0.940244623655914,
      "ci_lo": 0.9215748588441128,
      "ci_hi": 0.9706547140190088,
      "resamples": 1000,
      "confidence": 0.95
    },
    "r_at_fpr_0.01": {
      "target_fpr": 0.01,
      "point": 0.9946706989247311,
      "ci_lo": 0.9887603628227736,
      "ci_hi": 0.999327550147331,
      "resamples": 1000,
      "confidence": 0.95
    },
    "r_at_fpr_0.05": {
      "target_fpr": 0.05,
      "point": 1.0,
      "ci_lo": 1.0,
      "ci_hi": 1.0,
      "resamples": 1000,
      "confidence": 0.95
    },
    "hard_negative_fpr_at_1pct": {
      "target_fpr": 0.01,
      "metric_version": 2,
      "per_family": {
        "hn_account_recovery": {
          "point": 0.0,
          "ci_lo": 0.0,
          "ci_hi": 0.0,
          "resamples": 1000,
          "confidence": 0.95
        },
        "hn_large_purchase": {
          "point": 0.0,
          "ci_lo": 0.0,
          "ci_hi": 0.0,
          "resamples": 1000,
          "confidence": 0.95
        },
        "hn_recovery_high_amount": {
          "point": 0.45051282051282054,
          "ci_lo": 0.36853823138297875,
          "ci_hi": 0.562404761904762,
          "resamples": 1000,
          "confidence": 0.95
        },
        "hn_travel": {
          "point": 0.0,
          "ci_lo": 0.0,
          "ci_hi": 0.0,
          "resamples": 1000,
          "confidence": 0.95
        }
      },
      "worst_family": {
        "point": 0.45051282051282054,
        "ci_lo": 0.36853823138297875,
        "ci_hi": 0.562404761904762,
        "resamples": 1000,
        "confidence": 0.95
      },
      "mean": {
        "point": 0.11262820512820514,
        "ci_lo": 0.09213455784574469,
        "ci_hi": 0.1406011904761905,
        "resamples": 1000,
        "confidence": 0.95
      },
      "tie_fraction_mean": 0.001218038364480098,
      "achieved_fpr_mean": 0.010000000000000002,
      "threshold_mean": -0.4946250008940697,
      "alpha_mean": 0.4977031515151518,
      "threshold_point": -0.5,
      "alpha_point": 0.5350000000000001,
      "tie_fraction_point": 0.0011383039271485487,
      "achieved_fpr_point": 0.01,
      "resamples": 1000,
      "confidence": 0.95
    },
    "v5_adv_error": {
      "target_fpr": 0.01,
      "metric_version": 5,
      "point": 0.15956061153244253,
      "ci_lo": 0.1305516060371517,
      "ci_hi": 0.19445980721870676,
      "resamples": 1000,
      "confidence": 0.95,
      "components": {
        "phish_takeover_miss": {
          "point": 0.0,
          "ci_lo": 0.0,
          "ci_hi": 0.0,
          "resamples": 1000,
          "confidence": 0.95
        },
        "phish_takeover_mfa_phished_miss": {
          "point": 0.028169014084507005,
          "ci_lo": 0.0,
          "ci_hi": 0.06895016532829472,
          "resamples": 1000,
          "confidence": 0.95
        },
        "hn_recovery_high_amount_fpr": {
          "point": 0.45051282051282054,
          "ci_lo": 0.36853823138297875,
          "ci_hi": 0.562404761904762,
          "resamples": 1000,
          "confidence": 0.95
        }
      },
      "point_details": {
        "target_fpr": 0.01,
        "metric_version": 5,
        "threshold": -0.5,
        "alpha": 0.5350000000000001,
        "v5_adv_error": 0.15956061153244253,
        "components": {
          "phish_takeover_miss": 0.0,
          "phish_takeover_mfa_phished_miss": 0.028169014084507005,
          "hn_recovery_high_amount_fpr": 0.45051282051282054
        },
        "families": {
          "phish_takeover": {
            "family": "phish_takeover",
            "label": "fraud",
            "n": 224,
            "rate": 1.0,
            "n_above": 224,
            "n_tied": 0,
            "recall": 1.0,
            "miss": 0.0
          },
          "phish_takeover_mfa_phished": {
            "family": "phish_takeover_mfa_phished",
            "label": "fraud",
            "n": 71,
            "rate": 0.971830985915493,
            "n_above": 69,
            "n_tied": 0,
            "recall": 0.971830985915493,
            "miss": 0.028169014084507005
          },
          "hn_recovery_high_amount": {
            "family": "hn_recovery_high_amount",
            "label": "legit",
            "n": 78,
            "rate": 0.45051282051282054,
            "n_above": 33,
            "n_tied": 4,
            "fpr": 0.45051282051282054
          }
        }
      }
    }
  },
  "opaque": {
    "auc": {
      "point": 0.9997411467800076,
      "ci_lo": 0.999594125418449,
      "ci_hi": 0.9998595384208175,
      "resamples": 1000,
      "confidence": 0.95
    },
    "r_at_fpr_0.001": {
      "target_fpr": 0.001,
      "point": 0.940244623655914,
      "ci_lo": 0.9215748588441128,
      "ci_hi": 0.9706547140190088,
      "resamples": 1000,
      "confidence": 0.95
    },
    "r_at_fpr_0.01": {
      "target_fpr": 0.01,
      "point": 0.9946706989247311,
      "ci_lo": 0.9887603628227736,
      "ci_hi": 0.999327550147331,
      "resamples": 1000,
      "confidence": 0.95
    },
    "r_at_fpr_0.05": {
      "target_fpr": 0.05,
      "point": 1.0,
      "ci_lo": 1.0,
      "ci_hi": 1.0,
      "resamples": 1000,
      "confidence": 0.95
    },
    "hard_negative_fpr_at_1pct": {
      "target_fpr": 0.01,
      "metric_version": 2,
      "per_family": {
        "hn_account_recovery": {
          "point": 0.0,
          "ci_lo": 0.0,
          "ci_hi": 0.0,
          "resamples": 1000,
          "confidence": 0.95
        },
        "hn_large_purchase": {
          "point": 0.0,
          "ci_lo": 0.0,
          "ci_hi": 0.0,
          "resamples": 1000,
          "confidence": 0.95
        },
        "hn_recovery_high_amount": {
          "point": 0.45051282051282054,
          "ci_lo": 0.36853823138297875,
          "ci_hi": 0.562404761904762,
          "resamples": 1000,
          "confidence": 0.95
        },
        "hn_travel": {
          "point": 0.0,
          "ci_lo": 0.0,
          "ci_hi": 0.0,
          "resamples": 1000,
          "confidence": 0.95
        }
      },
      "worst_family": {
        "point": 0.45051282051282054,
        "ci_lo": 0.36853823138297875,
        "ci_hi": 0.562404761904762,
        "resamples": 1000,
        "confidence": 0.95
      },
      "mean": {
        "point": 0.11262820512820514,
        "ci_lo": 0.09213455784574469,
        "ci_hi": 0.1406011904761905,
        "resamples": 1000,
        "confidence": 0.95
      },
      "tie_fraction_mean": 0.001218038364480098,
      "achieved_fpr_mean": 0.010000000000000002,
      "threshold_mean": -0.4946250008940697,
      "alpha_mean": 0.4977031515151518,
      "threshold_point": -0.5,
      "alpha_point": 0.5350000000000001,
      "tie_fraction_point": 0.0011383039271485487,
      "achieved_fpr_point": 0.01,
      "resamples": 1000,
      "confidence": 0.95
    },
    "v5_adv_error": {
      "target_fpr": 0.01,
      "metric_version": 5,
      "point": 0.15956061153244253,
      "ci_lo": 0.1305516060371517,
      "ci_hi": 0.19445980721870676,
      "resamples": 1000,
      "confidence": 0.95,
      "components": {
        "phish_takeover_miss": {
          "point": 0.0,
          "ci_lo": 0.0,
          "ci_hi": 0.0,
          "resamples": 1000,
          "confidence": 0.95
        },
        "phish_takeover_mfa_phished_miss": {
          "point": 0.028169014084507005,
          "ci_lo": 0.0,
          "ci_hi": 0.06895016532829472,
          "resamples": 1000,
          "confidence": 0.95
        },
        "hn_recovery_high_amount_fpr": {
          "point": 0.45051282051282054,
          "ci_lo": 0.36853823138297875,
          "ci_hi": 0.562404761904762,
          "resamples": 1000,
          "confidence": 0.95
        }
      },
      "point_details": {
        "target_fpr": 0.01,