{
  "n": 5002,
  "metric_version": 5,
  "auc": 0.9997493704138898,
  "r_at_fpr_0.001": {
    "target_fpr": 0.001,
    "achieved_fpr": 0.001,
    "threshold": 1.875,
    "alpha": 0.5140000000000002,
    "n_above": 3,
    "n_tied": 1,
    "need": 3.5140000000000002,
    "tie_fraction": 0.0002845759817871372,
    "recall": 0.9436048387096775,
    "n_positive": 1488,
    "n_negative": 3514
  },
  "r_at_fpr_0.01": {
    "target_fpr": 0.01,
    "achieved_fpr": 0.01,
    "threshold": -0.5,
    "alpha": 0.5700000000000003,
    "n_above": 34,
    "n_tied": 2,
    "need": 35.14,
    "tie_fraction": 0.0005691519635742744,
    "recall": 0.9953897849462366,
    "n_positive": 1488,
    "n_negative": 3514
  },
  "r_at_fpr_0.05": {
    "target_fpr": 0.05,
    "achieved_fpr": 0.05,
    "threshold": -5.25,
    "alpha": 0.5447368421052636,
    "n_above": 155,
    "n_tied": 38,
    "need": 175.70000000000002,
    "tie_fraction": 0.010813887307911212,
    "recall": 1.0,
    "n_positive": 1488,
    "n_negative": 3514
  },
  "per_journey_auc": {
    "clean": NaN,
    "cred_stuff": 1.0,
    "hn_account_recovery": NaN,
    "hn_large_purchase": NaN,
    "hn_recovery_high_amount": NaN,
    "hn_travel": NaN,
    "malware_rat": 0.9999999999999999,
    "mule_chain": 1.0,
    "phish_takeover": 1.0,
    "phish_takeover_mfa_phished": 0.9995791481959486,
    "sim_swap": 0.998886180694661
  },
  "per_actor_auc": {
    "agent_adversarial": NaN,
    "agent_buying": 1.0,
    "agent_compromised": NaN,
    "agent_finance": 1.0,
    "human": 0.9995080714858942,
    "hybrid": 1.0
  },
  "hard_negative_fpr_at_decision_threshold_1pct": {
    "hn_account_recovery": 0.0,
    "hn_large_purchase": 0.00196078431372549,
    "hn_recovery_high_amount": 0.4376923076923077,
    "hn_travel": 0.0,
    "_threshold_alpha": [
      -0.5,
      0.5700000000000003
    ]
  },
  "hard_negative_fpr_at_decision_threshold_1pct_tie_aware": {
    "hn_account_recovery": 0.0,
    "hn_large_purchase": 0.00196078431372549,
    "hn_recovery_high_amount": 0.4376923076923077,
    "hn_travel": 0.0,
    "_threshold_alpha": [
      -0.5,
      0.5700000000000003
    ]
  },
  "v5_adversarial": {
    "target_fpr": 0.01,
    "metric_version": 5,
    "threshold": -0.5,
    "alpha": 0.5700000000000003,
    "v5_adv_error": 0.15261105092091012,
    "components": {
      "phish_takeover_miss": 0.0,
      "phish_takeover_mfa_phished_miss": 0.020140845070422686,
      "hn_recovery_high_amount_fpr": 0.4376923076923077
    },
    "families": {
      "phish_takeover": {
        "family": "phish_takeover",
        "label": "fraud",
        "n": 224,
        "rate": 1.0,
        "n_above": 224,
        "n_tied": 0,
        "recall": 1.0,
        "miss": 0.0
      },
      "phish_takeover_mfa_phished": {
        "family": "phish_takeover_mfa_phished",
        "label": "fraud",
        "n": 71,
        "rate": 0.9798591549295773,
        "n_above": 69,
        "n_tied": 1,
        "recall": 0.9798591549295773,
        "miss": 0.020140845070422686
      },
      "hn_recovery_high_amount": {
        "family": "hn_recovery_high_amount",
        "label": "legit",
        "n": 78,
        "rate": 0.4376923076923077,
        "n_above": 33,
        "n_tied": 2,
        "fpr": 0.4376923076923077
      }
    }
  },
  "v5_adv_error": 0.15261105092091012
}