{
  "target_fpr": 0.01,
  "metric_version": 2,
  "per_family": {
    "hn_account_recovery": {
      "point": 0.013519607843137256,
      "ci_lo": 0.0043974818873483935,
      "ci_hi": 0.023944076423585762,
      "resamples": 1000,
      "confidence": 0.95
    },
    "hn_large_purchase": {
      "point": 0.07014330218068535,
      "ci_lo": 0.05635354071598567,
      "ci_hi": 0.08467967861205916,
      "resamples": 1000,
      "confidence": 0.95
    },
    "hn_travel": {
      "point": 0.0035301204819277103,
      "ci_lo": 0.0,
      "ci_hi": 0.008305816874566874,
      "resamples": 1000,
      "confidence": 0.95
    }
  },
  "worst_family": {
    "point": 0.07014330218068535,
    "ci_lo": 0.05635354071598567,
    "ci_hi": 0.08467967861205916,
    "resamples": 1000,
    "confidence": 0.95
  },
  "mean": {
    "point": 0.029064343501916768,
    "ci_lo": 0.02680692194851816,
    "ci_hi": 0.031636146784827256,
    "resamples": 1000,
    "confidence": 0.95
  },
  "tie_fraction_mean": 0.0017277646949693003,
  "achieved_fpr_mean": 0.01,
  "threshold_mean": -3.7639999895095824,
  "alpha_mean": 0.5109008098429351,
  "threshold_point": -3.75,
  "alpha_point": 0.7579999999999998,
  "tie_fraction_point": 0.0016784155756965425,
  "achieved_fpr_point": 0.01,
  "resamples": 1000,
  "confidence": 0.95
}