{
  "auc": {
    "point": 0.999999523627958,
    "ci_lo": 0.9999977134141984,
    "ci_hi": 1.0,
    "resamples": 1000,
    "confidence": 0.95
  },
  "r_at_fpr_0.001": {
    "target_fpr": 0.001,
    "point": 1.0,
    "ci_lo": 0.9986849671876057,
    "ci_hi": 1.0,
    "resamples": 1000,
    "confidence": 0.95
  },
  "r_at_fpr_0.01": {
    "target_fpr": 0.01,
    "point": 1.0,
    "ci_lo": 1.0,
    "ci_hi": 1.0,
    "resamples": 1000,
    "confidence": 0.95
  },
  "r_at_fpr_0.05": {
    "target_fpr": 0.05,
    "point": 1.0,
    "ci_lo": 1.0,
    "ci_hi": 1.0,
    "resamples": 1000,
    "confidence": 0.95
  },
  "hard_negative_fpr_at_1pct": {
    "target_fpr": 0.01,
    "per_family": {
      "hn_account_recovery": {
        "point": 0.012295081967213115,
        "ci_lo": 0.004008016032064128,
        "ci_hi": 0.02187096979004218,
        "resamples": 1000,
        "confidence": 0.95
      },
      "hn_large_purchase": {
        "point": 0.05443548387096774,
        "ci_lo": 0.038459595959595964,
        "ci_hi": 0.06172958672958673,
        "resamples": 1000,
        "confidence": 0.95
      },
      "hn_travel": {
        "point": 0.002008032128514056,
        "ci_lo": 0.0,
        "ci_hi": 0.0077526920640665995,
        "resamples": 1000,
        "confidence": 0.95
      }
    },
    "worst_family": {
      "point": 0.05443548387096774,
      "ci_lo": 0.038459595959595964,
      "ci_hi": 0.06172958672958673,
      "resamples": 1000,
      "confidence": 0.95
    },
    "mean": {
      "point": 0.022912865988898305,
      "ci_lo": 0.01779923126015549,
      "ci_hi": 0.02446247570912648,
      "resamples": 1000,
      "confidence": 0.95
    },
    "resamples": 1000,
    "confidence": 0.95
  }
}