{
  "stripped": {
    "auc": {
      "point": 0.999999523627958,
      "ci_lo": 0.9999977134141984,
      "ci_hi": 1.0,
      "resamples": 1000,
      "confidence": 0.95
    },
    "r_at_fpr_0.001": {
      "target_fpr": 0.001,
      "point": 1.0,
      "ci_lo": 0.9986849671876057,
      "ci_hi": 1.0,
      "resamples": 1000,
      "confidence": 0.95
    },
    "r_at_fpr_0.01": {
      "target_fpr": 0.01,
      "point": 1.0,
      "ci_lo": 1.0,
      "ci_hi": 1.0,
      "resamples": 1000,
      "confidence": 0.95
    },
    "r_at_fpr_0.05": {
      "target_fpr": 0.05,
      "point": 1.0,
      "ci_lo": 1.0,
      "ci_hi": 1.0,
      "resamples": 1000,
      "confidence": 0.95
    },
    "hard_negative_fpr_at_1pct": {
      "target_fpr": 0.01,
      "per_family": {
        "hn_account_recovery": {
          "point": 0.012295081967213115,
          "ci_lo": 0.004008016032064128,
          "ci_hi": 0.02187096979004218,
          "resamples": 1000,
          "confidence": 0.95
        },
        "hn_large_purchase": {
          "point": 0.05443548387096774,
          "ci_lo": 0.038459595959595964,
          "ci_hi": 0.06172958672958673,
          "resamples": 1000,
          "confidence": 0.95
        },
        "hn_travel": {
          "point": 0.002008032128514056,
          "ci_lo": 0.0,
          "ci_hi": 0.0077526920640665995,
          "resamples": 1000,
          "confidence": 0.95
        }
      },
      "worst_family": {
        "point": 0.05443548387096774,
        "ci_lo": 0.038459595959595964,
        "ci_hi": 0.06172958672958673,
        "resamples": 1000,
        "confidence": 0.95
      },
      "mean": {
        "point": 0.022912865988898305,
        "ci_lo": 0.01779923126015549,
        "ci_hi": 0.02446247570912648,
        "resamples": 1000,
        "confidence": 0.95
      },
      "resamples": 1000,
      "confidence": 0.95
    }
  },
  "opaque": {
    "auc": {
      "point": 0.9999998094511833,
      "ci_lo": 0.999999047255916,
      "ci_hi": 1.0,
      "resamples": 1000,
      "confidence": 0.95
    },
    "r_at_fpr_0.001": {
      "target_fpr": 0.001,
      "point": 1.0,
      "ci_lo": 1.0,
      "ci_hi": 1.0,
      "resamples": 1000,
      "confidence": 0.95
    },
    "r_at_fpr_0.01": {
      "target_fpr": 0.01,
      "point": 1.0,
      "ci_lo": 1.0,
      "ci_hi": 1.0,
      "resamples": 1000,
      "confidence": 0.95
    },
    "r_at_fpr_0.05": {
      "target_fpr": 0.05,
      "point": 1.0,
      "ci_lo": 1.0,
      "ci_hi": 1.0,
      "resamples": 1000,
      "confidence": 0.95
    },
    "hard_negative_fpr_at_1pct": {
      "target_fpr": 0.01,
      "per_family": {
        "hn_account_recovery": {
          "point": 0.030737704918032786,
          "ci_lo": 0.016226359313793924,
          "ci_hi": 0.041749502982107355,
          "resamples": 1000,
          "confidence": 0.95
        },
        "hn_large_purchase": {
          "point": 0.038306451612903226,
          "ci_lo": 0.02453489963787504,
          "ci_hi": 0.04751876992697727,
          "resamples": 1000,
          "confidence": 0.95
        },
        "hn_travel": {
          "point": 0.0,
          "ci_lo": 0.0,
          "ci_hi": 0.0,
          "resamples": 1000,
          "confidence": 0.95
        }
      },
      "worst_family": {
        "point": 0.038306451612903226,
        "ci_lo": 0.02892412882337906,
        "ci_hi": 0.04751876992697727,
        "resamples": 1000,
        "confidence": 0.95
      },
      "mean": {
        "point": 0.023014718843645338,
        "ci_lo": 0.017473169034364338,
        "ci_hi": 0.024171116567826976,
        "resamples": 1000,
        "confidence": 0.95
      },
      "resamples": 1000,
      "confidence": 0.95
    }
  },
  "full": {
    "auc": {
      "point": 1.0,
      "ci_lo": 0.9999999999999999,
      "ci_hi": 1.0,
      "resamples": 1000,
      "confidence": 0.95
    },
    "r_at_fpr_0.001": {
      "target_fpr": 0.001,
      "point": 1.0,
      "ci_lo": 1.0,
      "ci_hi": 1.0,
      "resamples": 1000,
      "confidence": 0.95
    },
    "r_at_fpr_0.01": {
      "target_fpr": 0.01,
      "point": 1.0,
      "ci_lo": 1.0,
      "ci_hi": 1.0,
      "resamples": 1000,
      "confidence": 0.95
    },
    "r_at_fpr_0.05": {
      "target_fpr": 0.05,
      "point": 1.0,
      "ci_lo": 1.0,
      "ci_hi": 1.0,
      "resamples": 1000,
      "confidence": 0.95
    },
    "hard_negative_fpr_at_1pct": {
      "target_fpr": 0.01,
      "per_family": {
        "hn_account_recovery": {
          "point": 0.004098360655737705,
          "ci_lo": 0.0,
          "ci_hi": 0.011217300156907795,
          "resamples": 1000,
          "confidence": 0.95
        },
        "hn_large_purchase": {
          "point": 0.06048387096774194,
          "ci_lo": 0.041745369367950716,
          "ci_hi": 0.06536148201611933,
          "resamples": 1000,
          "confidence": 0.95
        },
        "hn_travel": {
          "point": 0.004016064257028112,
          "ci_lo": 0.0,
          "ci_hi": 0.009690392865206593,
          "resamples": 1000,
          "confidence": 0.95
        }
      },
      "worst_family": {
        "point": 0.06048387096774194,
        "ci_lo": 0.041745369367950716,
        "ci_hi": 0.06536148201611933,
        "resamples": 1000,
        "confidence": 0.95
      },
      "mean": {
        "point": 0.022866098626835918,
        "ci_lo": 0.016688817083713628,
        "ci_hi": 0.023672419410519795,
        "resamples": 1000,
        "confidence": 0.95
      },
      "resamples": 1000,
      "confidence": 0.95
    }
  }
}