{
  "auc": {
    "point": 0.9999998094511833,
    "ci_lo": 0.999999047255916,
    "ci_hi": 1.0,
    "resamples": 1000,
    "confidence": 0.95
  },
  "r_at_fpr_0.001": {
    "target_fpr": 0.001,
    "point": 1.0,
    "ci_lo": 1.0,
    "ci_hi": 1.0,
    "resamples": 1000,
    "confidence": 0.95
  },
  "r_at_fpr_0.01": {
    "target_fpr": 0.01,
    "point": 1.0,
    "ci_lo": 1.0,
    "ci_hi": 1.0,
    "resamples": 1000,
    "confidence": 0.95
  },
  "r_at_fpr_0.05": {
    "target_fpr": 0.05,
    "point": 1.0,
    "ci_lo": 1.0,
    "ci_hi": 1.0,
    "resamples": 1000,
    "confidence": 0.95
  },
  "hard_negative_fpr_at_1pct": {
    "target_fpr": 0.01,
    "per_family": {
      "hn_account_recovery": {
        "point": 0.030737704918032786,
        "ci_lo": 0.016226359313793924,
        "ci_hi": 0.041749502982107355,
        "resamples": 1000,
        "confidence": 0.95
      },
      "hn_large_purchase": {
        "point": 0.038306451612903226,
        "ci_lo": 0.02453489963787504,
        "ci_hi": 0.04751876992697727,
        "resamples": 1000,
        "confidence": 0.95
      },
      "hn_travel": {
        "point": 0.0,
        "ci_lo": 0.0,
        "ci_hi": 0.0,
        "resamples": 1000,
        "confidence": 0.95
      }
    },
    "worst_family": {
      "point": 0.038306451612903226,
      "ci_lo": 0.02892412882337906,
      "ci_hi": 0.04751876992697727,
      "resamples": 1000,
      "confidence": 0.95
    },
    "mean": {
      "point": 0.023014718843645338,
      "ci_lo": 0.017473169034364338,
      "ci_hi": 0.024171116567826976,
      "resamples": 1000,
      "confidence": 0.95
    },
    "resamples": 1000,
    "confidence": 0.95
  }
}