{
  "n": 4466,
  "metric_version": 2,
  "auc": 1.0,
  "r_at_fpr_0.001": {
    "target_fpr": 0.001,
    "achieved_fpr": 0.001,
    "threshold": -1.5,
    "alpha": 0.9790000000000001,
    "n_above": 2,
    "n_tied": 1,
    "need": 2.979,
    "tie_fraction": 0.0003356831151393085,
    "recall": 1.0,
    "n_positive": 1487,
    "n_negative": 2979
  },
  "r_at_fpr_0.01": {
    "target_fpr": 0.01,
    "achieved_fpr": 0.01,
    "threshold": -4.125,
    "alpha": 0.1974999999999998,
    "n_above": 29,
    "n_tied": 4,
    "need": 29.79,
    "tie_fraction": 0.001342732460557234,
    "recall": 1.0,
    "n_positive": 1487,
    "n_negative": 2979
  },
  "r_at_fpr_0.05": {
    "target_fpr": 0.05,
    "achieved_fpr": 0.05,
    "threshold": -6.875,
    "alpha": 0.15833333333333618,
    "n_above": 148,
    "n_tied": 6,
    "need": 148.95000000000002,
    "tie_fraction": 0.002014098690835851,
    "recall": 1.0,
    "n_positive": 1487,
    "n_negative": 2979
  },
  "per_journey_auc": {
    "clean": NaN,
    "cred_stuff": 1.0,
    "hn_account_recovery": NaN,
    "hn_large_purchase": NaN,
    "hn_travel": NaN,
    "malware_rat": 1.0,
    "mule_chain": 1.0,
    "phish_takeover": 1.0,
    "sim_swap": 1.0
  },
  "per_actor_auc": {
    "agent_adversarial": NaN,
    "agent_buying": NaN,
    "agent_compromised": NaN,
    "agent_finance": NaN,
    "human": 1.0,
    "hybrid": 1.0
  },
  "hard_negative_fpr_at_decision_threshold_1pct": {
    "hn_account_recovery": 0.004901960784313725,
    "hn_large_purchase": 0.07722741433021807,
    "hn_travel": 0.004016064257028112,
    "_threshold_alpha": [
      -4.125,
      0.1974999999999998
    ]
  },
  "hard_negative_fpr_at_decision_threshold_1pct_tie_aware": {
    "hn_account_recovery": 0.004901960784313725,
    "hn_large_purchase": 0.07722741433021807,
    "hn_travel": 0.004016064257028112,
    "_threshold_alpha": [
      -4.125,
      0.1974999999999998
    ]
  }
}