{
  "n": 4466,
  "metric_version": 2,
  "auc": 0.9999997742547982,
  "r_at_fpr_0.001": {
    "target_fpr": 0.001,
    "achieved_fpr": 0.001,
    "threshold": -3.0,
    "alpha": 0.9790000000000001,
    "n_above": 2,
    "n_tied": 1,
    "need": 2.979,
    "tie_fraction": 0.0003356831151393085,
    "recall": 1.0,
    "n_positive": 1487,
    "n_negative": 2979
  },
  "r_at_fpr_0.01": {
    "target_fpr": 0.01,
    "achieved_fpr": 0.01,
    "threshold": -5.0,
    "alpha": 0.4474999999999998,
    "n_above": 28,
    "n_tied": 4,
    "need": 29.79,
    "tie_fraction": 0.001342732460557234,
    "recall": 1.0,
    "n_positive": 1487,
    "n_negative": 2979
  },
  "r_at_fpr_0.05": {
    "target_fpr": 0.05,
    "achieved_fpr": 0.05,
    "threshold": -7.5,
    "alpha": 0.278571428571431,
    "n_above": 147,
    "n_tied": 7,
    "need": 148.95000000000002,
    "tie_fraction": 0.0023497818059751594,
    "recall": 1.0,
    "n_positive": 1487,
    "n_negative": 2979
  },
  "per_journey_auc": {
    "clean": NaN,
    "cred_stuff": 0.9999999999999999,
    "hn_account_recovery": NaN,
    "hn_large_purchase": NaN,
    "hn_travel": NaN,
    "malware_rat": 0.9999988180172003,
    "mule_chain": 1.0,
    "phish_takeover": 0.9999999999999999,
    "sim_swap": 1.0
  },
  "per_actor_auc": {
    "agent_adversarial": NaN,
    "agent_buying": NaN,
    "agent_compromised": NaN,
    "agent_finance": NaN,
    "human": 1.0,
    "hybrid": 1.0
  },
  "hard_negative_fpr_at_decision_threshold_1pct": {
    "hn_account_recovery": 0.03160539215686274,
    "hn_large_purchase": 0.05263239875389408,
    "hn_travel": 0.0,
    "_threshold_alpha": [
      -5.0,
      0.4474999999999998
    ]
  },
  "hard_negative_fpr_at_decision_threshold_1pct_tie_aware": {
    "hn_account_recovery": 0.03160539215686274,
    "hn_large_purchase": 0.05263239875389408,
    "hn_travel": 0.0,
    "_threshold_alpha": [
      -5.0,
      0.4474999999999998
    ]
  }
}