{
  "n": 4466,
  "metric_version": 2,
  "auc": 0.9999994356369953,
  "r_at_fpr_0.001": {
    "target_fpr": 0.001,
    "achieved_fpr": 0.001,
    "threshold": -1.25,
    "alpha": 0.9790000000000001,
    "n_above": 2,
    "n_tied": 1,
    "need": 2.979,
    "tie_fraction": 0.0003356831151393085,
    "recall": 1.0,
    "n_positive": 1487,
    "n_negative": 2979
  },
  "r_at_fpr_0.01": {
    "target_fpr": 0.01,
    "achieved_fpr": 0.01,
    "threshold": -3.75,
    "alpha": 0.7579999999999998,
    "n_above": 26,
    "n_tied": 5,
    "need": 29.79,
    "tie_fraction": 0.0016784155756965425,
    "recall": 1.0,
    "n_positive": 1487,
    "n_negative": 2979
  },
  "r_at_fpr_0.05": {
    "target_fpr": 0.05,
    "achieved_fpr": 0.05,
    "threshold": -6.0,
    "alpha": 0.995454545454547,
    "n_above": 138,
    "n_tied": 11,
    "need": 148.95000000000002,
    "tie_fraction": 0.0036925142665323934,
    "recall": 1.0,
    "n_positive": 1487,
    "n_negative": 2979
  },
  "per_journey_auc": {
    "clean": NaN,
    "cred_stuff": 1.0,
    "hn_account_recovery": NaN,
    "hn_large_purchase": NaN,
    "hn_travel": NaN,
    "malware_rat": 0.9999970450430006,
    "mule_chain": 1.0,
    "phish_takeover": 1.0,
    "sim_swap": 1.0
  },
  "per_actor_auc": {
    "agent_adversarial": NaN,
    "agent_buying": NaN,
    "agent_compromised": NaN,
    "agent_finance": NaN,
    "human": 0.9999997431781702,
    "hybrid": 1.0
  },
  "hard_negative_fpr_at_decision_threshold_1pct": {
    "hn_account_recovery": 0.013519607843137256,
    "hn_large_purchase": 0.07014330218068535,
    "hn_travel": 0.0035301204819277103,
    "_threshold_alpha": [
      -3.75,
      0.7579999999999998
    ]
  },
  "hard_negative_fpr_at_decision_threshold_1pct_tie_aware": {
    "hn_account_recovery": 0.013519607843137256,
    "hn_large_purchase": 0.07014330218068535,
    "hn_travel": 0.0035301204819277103,
    "_threshold_alpha": [
      -3.75,
      0.7579999999999998
    ]
  }
}