{
  "n": 5002,
  "metric_version": 5,
  "auc": 0.9700544978304907,
  "r_at_fpr_0.001": {
    "target_fpr": 0.001,
    "achieved_fpr": 0.001,
    "threshold": 2.125,
    "alpha": 0.2570000000000001,
    "n_above": 3,
    "n_tied": 2,
    "need": 3.5140000000000002,
    "tie_fraction": 0.0005691519635742744,
    "recall": 0.683486559139785,
    "n_positive": 1488,
    "n_negative": 3514
  },
  "r_at_fpr_0.01": {
    "target_fpr": 0.01,
    "achieved_fpr": 0.01,
    "threshold": 1.125,
    "alpha": 0.5711111111111111,
    "n_above": 30,
    "n_tied": 9,
    "need": 35.14,
    "tie_fraction": 0.0025611838360842347,
    "recall": 0.7391472520908005,
    "n_positive": 1488,
    "n_negative": 3514
  },
  "r_at_fpr_0.05": {
    "target_fpr": 0.05,
    "achieved_fpr": 0.05,
    "threshold": -0.75,
    "alpha": 0.9812500000000011,
    "n_above": 160,
    "n_tied": 16,
    "need": 175.70000000000002,
    "tie_fraction": 0.004553215708594195,
    "recall": 0.8715011760752689,
    "n_positive": 1488,
    "n_negative": 3514
  },
  "per_journey_auc": {
    "clean": NaN,
    "cred_stuff": 1.0,
    "hn_account_recovery": NaN,
    "hn_large_purchase": NaN,
    "hn_recovery_high_amount": NaN,
    "hn_travel": NaN,
    "malware_rat": 0.9999074663065757,
    "mule_chain": 0.9999971060069648,
    "phish_takeover": 0.9200951296853404,
    "phish_takeover_mfa_phished": 0.6635109461550177,
    "sim_swap": 0.9911028428031843
  },
  "per_actor_auc": {
    "agent_adversarial": NaN,
    "agent_buying": 0.5782629444046767,
    "agent_compromised": NaN,
    "agent_finance": 0.772673501577287,
    "human": 0.9638452905186191,
    "hybrid": 0.954513888888889
  },
  "hard_negative_fpr_at_decision_threshold_1pct": {
    "hn_account_recovery": 0.0013761713520749667,
    "hn_large_purchase": 0.0,
    "hn_recovery_high_amount": 0.4175498575498576,
    "hn_travel": 0.003976143141153081,
    "_threshold_alpha": [
      1.125,
      0.5711111111111111
    ]
  },
  "hard_negative_fpr_at_decision_threshold_1pct_tie_aware": {
    "hn_account_recovery": 0.0013761713520749667,
    "hn_large_purchase": 0.0,
    "hn_recovery_high_amount": 0.4175498575498576,
    "hn_travel": 0.003976143141153081,
    "_threshold_alpha": [
      1.125,
      0.5711111111111111
    ]
  },
  "v5_adversarial": {
    "target_fpr": 0.01,
    "metric_version": 5,
    "threshold": 1.125,
    "alpha": 0.5711111111111111,
    "v5_adv_error": 0.768435931352598,
    "components": {
      "phish_takeover_miss": 0.8877579365079366,
      "phish_takeover_mfa_phished_miss": 1.0,
      "hn_recovery_high_amount_fpr": 0.4175498575498576
    },
    "families": {
      "phish_takeover": {
        "family": "phish_takeover",
        "label": "fraud",
        "n": 224,
        "rate": 0.11224206349206349,
        "n_above": 24,
        "n_tied": 2,
        "recall": 0.11224206349206349,
        "miss": 0.8877579365079366
      },
      "phish_takeover_mfa_phished": {
        "family": "phish_takeover_mfa_phished",
        "label": "fraud",
        "n": 71,
        "rate": 0.0,
        "n_above": 0,
        "n_tied": 0,
        "recall": 0.0,
        "miss": 1.0
      },
      "hn_recovery_high_amount": {
        "family": "hn_recovery_high_amount",
        "label": "legit",
        "n": 78,
        "rate": 0.4175498575498576,
        "n_above": 28,
        "n_tied": 8,
        "fpr": 0.4175498575498576
      }
    }
  },
  "v5_adv_error": 0.768435931352598
}