{
  "auc": {
    "point": 0.9996225734542629,
    "ci_lo": 0.9994470992757083,
    "ci_hi": 0.99976842103552,
    "resamples": 1000,
    "confidence": 0.95
  },
  "r_at_fpr_0.001": {
    "target_fpr": 0.001,
    "point": 0.9270927419354839,
    "ci_lo": 0.9112067111835479,
    "ci_hi": 0.9511262625595165,
    "resamples": 1000,
    "confidence": 0.95
  },
  "r_at_fpr_0.01": {
    "target_fpr": 0.01,
    "point": 0.9939784946236558,
    "ci_lo": 0.9809490008405122,
    "ci_hi": 0.9979740897073844,
    "resamples": 1000,
    "confidence": 0.95
  },
  "r_at_fpr_0.05": {
    "target_fpr": 0.05,
    "point": 1.0,
    "ci_lo": 1.0,
    "ci_hi": 1.0,
    "resamples": 1000,
    "confidence": 0.95
  },
  "hard_negative_fpr_at_1pct": {
    "target_fpr": 0.01,
    "metric_version": 2,
    "per_family": {
      "hn_account_recovery": {
        "point": 0.0,
        "ci_lo": 0.0,
        "ci_hi": 0.0,
        "resamples": 1000,
        "confidence": 0.95
      },
      "hn_large_purchase": {
        "point": 0.0,
        "ci_lo": 0.0,
        "ci_hi": 0.0,
        "resamples": 1000,
        "confidence": 0.95
      },
      "hn_recovery_high_amount": {
        "point": 0.45051282051282054,
        "ci_lo": 0.36853823138297875,
        "ci_hi": 0.562404761904762,
        "resamples": 1000,
        "confidence": 0.95
      },
      "hn_travel": {
        "point": 0.0,
        "ci_lo": 0.0,
        "ci_hi": 0.0,
        "resamples": 1000,
        "confidence": 0.95
      }
    },
    "worst_family": {
      "point": 0.45051282051282054,
      "ci_lo": 0.36853823138297875,
      "ci_hi": 0.562404761904762,
      "resamples": 1000,
      "confidence": 0.95
    },
    "mean": {
      "point": 0.11262820512820514,
      "ci_lo": 0.09213455784574469,
      "ci_hi": 0.1406011904761905,
      "resamples": 1000,
      "confidence": 0.95
    },
    "tie_fraction_mean": 0.0014395341753210063,
    "achieved_fpr_mean": 0.010000000000000002,
    "threshold_mean": -0.00975,
    "alpha_mean": 0.4800394122821625,
    "threshold_point": -0.125,
    "alpha_point": 0.02000000000000008,
    "tie_fraction_point": 0.00199203187250996,
    "achieved_fpr_point": 0.01,
    "resamples": 1000,
    "confidence": 0.95
  },
  "v5_adv_error": {
    "target_fpr": 0.01,
    "metric_version": 5,
    "point": 0.17364511857469603,
    "ci_lo": 0.14482478751661776,
    "ci_hi": 0.21364191598243523,
    "resamples": 1000,
    "confidence": 0.95,
    "components": {
      "phish_takeover_miss": {
        "point": 0.0,
        "ci_lo": 0.0,
        "ci_hi": 0.008811547308097108,
        "resamples": 1000,
        "confidence": 0.95
      },
      "phish_takeover_mfa_phished_miss": {
        "point": 0.07042253521126762,
        "ci_lo": 0.01561316287878789,
        "ci_hi": 0.13739402173913043,
        "resamples": 1000,
        "confidence": 0.95
      },
      "hn_recovery_high_amount_fpr": {
        "point": 0.45051282051282054,
        "ci_lo": 0.36853823138297875,
        "ci_hi": 0.562404761904762,
        "resamples": 1000,
        "confidence": 0.95
      }
    },
    "point_details": {
      "target_fpr": 0.01,
      "metric_version": 5,
      "threshold": -0.125,
      "alpha": 0.02000000000000008,
      "v5_adv_error": 0.17364511857469603,
      "components": {
        "phish_takeover_miss": 0.0,
        "phish_takeover_mfa_phished_miss": 0.07042253521126762,
        "hn_recovery_high_amount_fpr": 0.45051282051282054
      },
      "families": {
        "phish_takeover": {
          "family": "phish_takeover",
          "label": "fraud",
          "n": 224,
          "rate": 1.0,
          "n_above": 224,
          "n_tied": 0,
          "recall": 1.0,
          "miss": 0.0
        },
        "phish_takeover_mfa_phished": {
          "family": "phish_takeover_mfa_phished",
          "label": "fraud",
          "n": 71,
          "rate": 0.9295774647887324,
          "n_above": 66,
          "n_tied": 0,
          "recall": 0.9295774647887324,
          "miss": 0.07042253521126762
        },
        "hn_recovery_high_amount": {
          "family": "hn_recovery_high_amount",
          "label": "legit",
          "n": 78,
          "rate": 0.45051282051282054,
          "n_above": 35,
          "n_tied": 7,
          "fpr": 0.45051282051282054
        }
      }
    }
  }
}