{
  "auc": {
    "point": 1.0,
    "ci_lo": 0.9999999999999999,
    "ci_hi": 1.0,
    "resamples": 1000,
    "confidence": 0.95
  },
  "r_at_fpr_0.001": {
    "target_fpr": 0.001,
    "point": 1.0,
    "ci_lo": 1.0,
    "ci_hi": 1.0,
    "resamples": 1000,
    "confidence": 0.95
  },
  "r_at_fpr_0.01": {
    "target_fpr": 0.01,
    "point": 1.0,
    "ci_lo": 1.0,
    "ci_hi": 1.0,
    "resamples": 1000,
    "confidence": 0.95
  },
  "r_at_fpr_0.05": {
    "target_fpr": 0.05,
    "point": 1.0,
    "ci_lo": 1.0,
    "ci_hi": 1.0,
    "resamples": 1000,
    "confidence": 0.95
  },
  "hard_negative_fpr_at_1pct": {
    "target_fpr": 0.01,
    "metric_version": 2,
    "per_family": {
      "hn_account_recovery": {
        "point": 0.06566176470588235,
        "ci_lo": 0.05611325360961093,
        "ci_hi": 0.07459957548911038,
        "resamples": 1000,
        "confidence": 0.95
      },
      "hn_large_purchase": {
        "point": 0.009345794392523364,
        "ci_lo": 0.0006480712166172264,
        "ci_hi": 0.020411155664611883,
        "resamples": 1000,
        "confidence": 0.95
      },
      "hn_travel": {
        "point": 0.0,
        "ci_lo": 0.0,
        "ci_hi": 0.0,
        "resamples": 1000,
        "confidence": 0.95
      }
    },
    "worst_family": {
      "point": 0.06566176470588235,
      "ci_lo": 0.05611325360961093,
      "ci_hi": 0.07459957548911038,
      "resamples": 1000,
      "confidence": 0.95
    },
    "mean": {
      "point": 0.02500251969946857,
      "ci_lo": 0.022967449051838153,
      "ci_hi": 0.027160467515357826,
      "resamples": 1000,
      "confidence": 0.95
    },
    "tie_fraction_mean": 0.0013112279601508977,
    "achieved_fpr_mean": 0.01,
    "threshold_mean": -7.410999996185303,
    "alpha_mean": 0.5113041807359309,
    "threshold_point": -7.5,
    "alpha_point": 0.26333333333333303,
    "tie_fraction_point": 0.0010070493454179255,
    "achieved_fpr_point": 0.01,
    "resamples": 1000,
    "confidence": 0.95
  }
}