{
  "auc": {
    "point": 1.0,
    "ci_lo": 0.9999999999999999,
    "ci_hi": 1.0,
    "resamples": 1000,
    "confidence": 0.95
  },
  "r_at_fpr_0.001": {
    "target_fpr": 0.001,
    "point": 1.0,
    "ci_lo": 1.0,
    "ci_hi": 1.0,
    "resamples": 1000,
    "confidence": 0.95
  },
  "r_at_fpr_0.01": {
    "target_fpr": 0.01,
    "point": 1.0,
    "ci_lo": 1.0,
    "ci_hi": 1.0,
    "resamples": 1000,
    "confidence": 0.95
  },
  "r_at_fpr_0.05": {
    "target_fpr": 0.05,
    "point": 1.0,
    "ci_lo": 1.0,
    "ci_hi": 1.0,
    "resamples": 1000,
    "confidence": 0.95
  },
  "hard_negative_fpr_at_1pct": {
    "target_fpr": 0.01,
    "metric_version": 2,
    "per_family": {
      "hn_account_recovery": {
        "point": 0.06075980392156863,
        "ci_lo": 0.04754482243056411,
        "ci_hi": 0.0716361168853937,
        "resamples": 1000,
        "confidence": 0.95
      },
      "hn_large_purchase": {
        "point": 0.01557632398753894,
        "ci_lo": 0.0035008706756443036,
        "ci_hi": 0.031024891491431568,
        "resamples": 1000,
        "confidence": 0.95
      },
      "hn_travel": {
        "point": 0.0,
        "ci_lo": 0.0,
        "ci_hi": 0.0,
        "resamples": 1000,
        "confidence": 0.95
      }
    },
    "worst_family": {
      "point": 0.06075980392156863,
      "ci_lo": 0.04754482243056411,
      "ci_hi": 0.0716361168853937,
      "resamples": 1000,
      "confidence": 0.95
    },
    "mean": {
      "point": 0.025445375969702522,
      "ci_lo": 0.02343689023918532,
      "ci_hi": 0.027677489684754232,
      "resamples": 1000,
      "confidence": 0.95
    },
    "tie_fraction_mean": 0.0014179413340822942,
    "achieved_fpr_mean": 0.01,
    "threshold_mean": -8.8095,
    "alpha_mean": 0.5106276396103898,
    "threshold_point": -8.875,
    "alpha_point": 0.6974999999999998,
    "tie_fraction_point": 0.001342732460557234,
    "achieved_fpr_point": 0.01,
    "resamples": 1000,
    "confidence": 0.95
  }
}