{
  "n": 4466,
  "metric_version": 2,
  "auc": 1.0,
  "r_at_fpr_0.001": {
    "target_fpr": 0.001,
    "achieved_fpr": 0.001,
    "threshold": -3.125,
    "alpha": 0.9895,
    "n_above": 1,
    "n_tied": 2,
    "need": 2.979,
    "tie_fraction": 0.000671366230278617,
    "recall": 1.0,
    "n_positive": 1487,
    "n_negative": 2979
  },
  "r_at_fpr_0.01": {
    "target_fpr": 0.01,
    "achieved_fpr": 0.01,
    "threshold": -7.5,
    "alpha": 0.26333333333333303,
    "n_above": 29,
    "n_tied": 3,
    "need": 29.79,
    "tie_fraction": 0.0010070493454179255,
    "recall": 1.0,
    "n_positive": 1487,
    "n_negative": 2979
  },
  "r_at_fpr_0.05": {
    "target_fpr": 0.05,
    "achieved_fpr": 0.05,
    "threshold": -10.75,
    "alpha": 0.9045454545454561,
    "n_above": 139,
    "n_tied": 11,
    "need": 148.95000000000002,
    "tie_fraction": 0.0036925142665323934,
    "recall": 1.0,
    "n_positive": 1487,
    "n_negative": 2979
  },
  "per_journey_auc": {
    "clean": NaN,
    "cred_stuff": 1.0,
    "hn_account_recovery": NaN,
    "hn_large_purchase": NaN,
    "hn_travel": NaN,
    "malware_rat": 1.0,
    "mule_chain": 1.0000000000000002,
    "phish_takeover": 1.0,
    "sim_swap": 1.0
  },
  "per_actor_auc": {
    "agent_adversarial": NaN,
    "agent_buying": NaN,
    "agent_compromised": NaN,
    "agent_finance": NaN,
    "human": 1.0,
    "hybrid": 0.9999999999999999
  },
  "hard_negative_fpr_at_decision_threshold_1pct": {
    "hn_account_recovery": 0.06566176470588235,
    "hn_large_purchase": 0.009345794392523364,
    "hn_travel": 0.0,
    "_threshold_alpha": [
      -7.5,
      0.26333333333333303
    ]
  },
  "hard_negative_fpr_at_decision_threshold_1pct_tie_aware": {
    "hn_account_recovery": 0.06566176470588235,
    "hn_large_purchase": 0.009345794392523364,
    "hn_travel": 0.0,
    "_threshold_alpha": [
      -7.5,
      0.26333333333333303
    ]
  }
}