{
  "auc": {
    "point": 1.0,
    "ci_lo": 0.9999999999999999,
    "ci_hi": 1.0,
    "resamples": 1000,
    "confidence": 0.95
  },
  "r_at_fpr_0.001": {
    "target_fpr": 0.001,
    "point": 1.0,
    "ci_lo": 1.0,
    "ci_hi": 1.0,
    "resamples": 1000,
    "confidence": 0.95
  },
  "r_at_fpr_0.01": {
    "target_fpr": 0.01,
    "point": 1.0,
    "ci_lo": 1.0,
    "ci_hi": 1.0,
    "resamples": 1000,
    "confidence": 0.95
  },
  "r_at_fpr_0.05": {
    "target_fpr": 0.05,
    "point": 1.0,
    "ci_lo": 1.0,
    "ci_hi": 1.0,
    "resamples": 1000,
    "confidence": 0.95
  },
  "hard_negative_fpr_at_1pct": {
    "target_fpr": 0.01,
    "metric_version": 2,
    "per_family": {
      "hn_account_recovery": {
        "point": 0.06321078431372548,
        "ci_lo": 0.0540501436475846,
        "ci_hi": 0.0739904773257046,
        "resamples": 1000,
        "confidence": 0.95
      },
      "hn_large_purchase": {
        "point": 0.012461059190031152,
        "ci_lo": 0.002856926406926407,
        "ci_hi": 0.023180733097181577,
        "resamples": 1000,
        "confidence": 0.95
      },
      "hn_travel": {
        "point": 0.0,
        "ci_lo": 0.0,
        "ci_hi": 0.0,
        "resamples": 1000,
        "confidence": 0.95
      }
    },
    "worst_family": {
      "point": 0.06321078431372548,
      "ci_lo": 0.0540501436475846,
      "ci_hi": 0.0739904773257046,
      "resamples": 1000,
      "confidence": 0.95
    },
    "mean": {
      "point": 0.025223947834585547,
      "ci_lo": 0.02303501939074271,
      "ci_hi": 0.027256757983484065,
      "resamples": 1000,
      "confidence": 0.95
    },
    "tie_fraction_mean": 0.0013197430301290474,
    "achieved_fpr_mean": 0.01,
    "threshold_mean": -7.95725,
    "alpha_mean": 0.5066234217171718,
    "threshold_point": -8.0,
    "alpha_point": 0.26333333333333303,
    "tie_fraction_point": 0.0010070493454179255,
    "achieved_fpr_point": 0.01,
    "resamples": 1000,
    "confidence": 0.95
  }
}