{
  "auc": {
    "point": 0.9998085614531124,
    "ci_lo": 0.9996929524605113,
    "ci_hi": 0.9998995091064315,
    "resamples": 1000,
    "confidence": 0.95
  },
  "r_at_fpr_0.001": {
    "target_fpr": 0.001,
    "point": 0.9523602150537634,
    "ci_lo": 0.9378533341033226,
    "ci_hi": 0.9722635461213663,
    "resamples": 1000,
    "confidence": 0.95
  },
  "r_at_fpr_0.01": {
    "target_fpr": 0.01,
    "point": 0.9970228494623655,
    "ci_lo": 0.992924896022486,
    "ci_hi": 1.0,
    "resamples": 1000,
    "confidence": 0.95
  },
  "r_at_fpr_0.05": {
    "target_fpr": 0.05,
    "point": 1.0,
    "ci_lo": 1.0,
    "ci_hi": 1.0,
    "resamples": 1000,
    "confidence": 0.95
  },
  "hard_negative_fpr_at_1pct": {
    "target_fpr": 0.01,
    "metric_version": 2,
    "per_family": {
      "hn_account_recovery": {
        "point": 0.0,
        "ci_lo": 0.0,
        "ci_hi": 0.0,
        "resamples": 1000,
        "confidence": 0.95
      },
      "hn_large_purchase": {
        "point": 0.00196078431372549,
        "ci_lo": 0.0,
        "ci_hi": 0.006160164271047228,
        "resamples": 1000,
        "confidence": 0.95
      },
      "hn_recovery_high_amount": {
        "point": 0.4376923076923077,
        "ci_lo": 0.3565121477937267,
        "ci_hi": 0.5517774577572965,
        "resamples": 1000,
        "confidence": 0.95
      },
      "hn_travel": {
        "point": 0.0,
        "ci_lo": 0.0,
        "ci_hi": 0.0,
        "resamples": 1000,
        "confidence": 0.95
      }
    },
    "worst_family": {
      "point": 0.4376923076923077,
      "ci_lo": 0.3565121477937267,
      "ci_hi": 0.5517774577572965,
      "resamples": 1000,
      "confidence": 0.95
    },
    "mean": {
      "point": 0.1099132730015083,
      "ci_lo": 0.09010040041190331,
      "ci_hi": 0.13798853231869998,
      "resamples": 1000,
      "confidence": 0.95
    },
    "tie_fraction_mean": 0.0010759521899580586,
    "achieved_fpr_mean": 0.010000000000000002,
    "threshold_mean": -1.0943749987483025,
    "alpha_mean": 0.49254615836940874,
    "threshold_point": -1.0,
    "alpha_point": 0.5700000000000003,
    "tie_fraction_point": 0.0005691519635742744,
    "achieved_fpr_point": 0.01,
    "resamples": 1000,
    "confidence": 0.95
  },
  "v5_adv_error": {
    "target_fpr": 0.01,
    "metric_version": 5,
    "point": 0.15059227157818708,
    "ci_lo": 0.12347094690442008,
    "ci_hi": 0.18862820344233072,
    "resamples": 1000,
    "confidence": 0.95,
    "components": {
      "phish_takeover_miss": {
        "point": 0.0,
        "ci_lo": 0.0,
        "ci_hi": 0.0,
        "resamples": 1000,
        "confidence": 0.95
      },
      "phish_takeover_mfa_phished_miss": {
        "point": 0.014084507042253502,
        "ci_lo": 0.0,
        "ci_hi": 0.04840692755155996,
        "resamples": 1000,
        "confidence": 0.95
      },
      "hn_recovery_high_amount_fpr": {
        "point": 0.4376923076923077,
        "ci_lo": 0.3565121477937267,
        "ci_hi": 0.5517774577572965,
        "resamples": 1000,
        "confidence": 0.95
      }
    },
    "point_details": {
      "target_fpr": 0.01,
      "metric_version": 5,
      "threshold": -1.0,
      "alpha": 0.5700000000000003,
      "v5_adv_error": 0.15059227157818708,
      "components": {
        "phish_takeover_miss": 0.0,
        "phish_takeover_mfa_phished_miss": 0.014084507042253502,
        "hn_recovery_high_amount_fpr": 0.4376923076923077
      },
      "families": {
        "phish_takeover": {
          "family": "phish_takeover",
          "label": "fraud",
          "n": 224,
          "rate": 1.0,
          "n_above": 224,
          "n_tied": 0,
          "recall": 1.0,
          "miss": 0.0
        },
        "phish_takeover_mfa_phished": {
          "family": "phish_takeover_mfa_phished",
          "label": "fraud",
          "n": 71,
          "rate": 0.9859154929577465,
          "n_above": 70,
          "n_tied": 0,
          "recall": 0.9859154929577465,
          "miss": 0.014084507042253502
        },
        "hn_recovery_high_amount": {
          "family": "hn_recovery_high_amount",
          "label": "legit",
          "n": 78,
          "rate": 0.4376923076923077,
          "n_above": 33,
          "n_tied": 2,
          "fpr": 0.4376923076923077
        }
      }
    }
  }
}