{
  "auc": {
    "point": 1.0,
    "ci_lo": 0.9999999999999999,
    "ci_hi": 1.0,
    "resamples": 1000,
    "confidence": 0.95
  },
  "r_at_fpr_0.001": {
    "target_fpr": 0.001,
    "point": 1.0,
    "ci_lo": 1.0,
    "ci_hi": 1.0,
    "resamples": 1000,
    "confidence": 0.95
  },
  "r_at_fpr_0.01": {
    "target_fpr": 0.01,
    "point": 1.0,
    "ci_lo": 1.0,
    "ci_hi": 1.0,
    "resamples": 1000,
    "confidence": 0.95
  },
  "r_at_fpr_0.05": {
    "target_fpr": 0.05,
    "point": 1.0,
    "ci_lo": 1.0,
    "ci_hi": 1.0,
    "resamples": 1000,
    "confidence": 0.95
  },
  "hard_negative_fpr_at_1pct": {
    "target_fpr": 0.01,
    "metric_version": 2,
    "per_family": {
      "hn_account_recovery": {
        "point": 0.06321078431372548,
        "ci_lo": 0.0509308682126697,
        "ci_hi": 0.07330769390208515,
        "resamples": 1000,
        "confidence": 0.95
      },
      "hn_large_purchase": {
        "point": 0.012461059190031152,
        "ci_lo": 0.003002111904189056,
        "ci_hi": 0.02695042119151527,
        "resamples": 1000,
        "confidence": 0.95
      },
      "hn_travel": {
        "point": 0.0,
        "ci_lo": 0.0,
        "ci_hi": 0.0,
        "resamples": 1000,
        "confidence": 0.95
      }
    },
    "worst_family": {
      "point": 0.06321078431372548,
      "ci_lo": 0.0509308682126697,
      "ci_hi": 0.07330769390208515,
      "resamples": 1000,
      "confidence": 0.95
    },
    "mean": {
      "point": 0.025223947834585547,
      "ci_lo": 0.02318947507568547,
      "ci_hi": 0.027466106849125715,
      "resamples": 1000,
      "confidence": 0.95
    },
    "tie_fraction_mean": 0.0018270864393099334,
    "achieved_fpr_mean": 0.01,
    "threshold_mean": -8.018499933719635,
    "alpha_mean": 0.4994978671883674,
    "threshold_point": -8.125,
    "alpha_point": 0.2557142857142856,
    "tie_fraction_point": 0.0023497818059751594,
    "achieved_fpr_point": 0.01,
    "resamples": 1000,
    "confidence": 0.95
  }
}