{
  "n": 5002,
  "metric_version": 5,
  "auc": 0.9993068241626429,
  "r_at_fpr_0.001": {
    "target_fpr": 0.001,
    "achieved_fpr": 0.001,
    "threshold": 2.625,
    "alpha": 0.7570000000000001,
    "n_above": 2,
    "n_tied": 2,
    "need": 3.5140000000000002,
    "tie_fraction": 0.0005691519635742744,
    "recall": 0.8995766129032258,
    "n_positive": 1488,
    "n_negative": 3514
  },
  "r_at_fpr_0.01": {
    "target_fpr": 0.01,
    "achieved_fpr": 0.01,
    "threshold": 0.125,
    "alpha": 0.07000000000000028,
    "n_above": 35,
    "n_tied": 2,
    "need": 35.14,
    "tie_fraction": 0.0005691519635742744,
    "recall": 0.9826680107526882,
    "n_positive": 1488,
    "n_negative": 3514
  },
  "r_at_fpr_0.05": {
    "target_fpr": 0.05,
    "achieved_fpr": 0.05,
    "threshold": -4.625,
    "alpha": 0.7937500000000011,
    "n_above": 163,
    "n_tied": 16,
    "need": 175.70000000000002,
    "tie_fraction": 0.004553215708594195,
    "recall": 0.9993279569892473,
    "n_positive": 1488,
    "n_negative": 3514
  },
  "per_journey_auc": {
    "clean": NaN,
    "cred_stuff": 1.0,
    "hn_account_recovery": NaN,
    "hn_large_purchase": NaN,
    "hn_recovery_high_amount": NaN,
    "hn_travel": NaN,
    "malware_rat": 1.0,
    "mule_chain": 1.0,
    "phish_takeover": 0.9999339377185136,
    "phish_takeover_mfa_phished": 0.9930379087272639,
    "sim_swap": 0.9983040934591875
  },
  "per_actor_auc": {
    "agent_adversarial": NaN,
    "agent_buying": 0.9997613934621808,
    "agent_compromised": NaN,
    "agent_finance": 1.0,
    "human": 0.9991747604447462,
    "hybrid": 0.9972222222222222
  },
  "hard_negative_fpr_at_decision_threshold_1pct": {
    "hn_account_recovery": 0.0,
    "hn_large_purchase": 0.0,
    "hn_recovery_high_amount": 0.45051282051282054,
    "hn_travel": 0.0,
    "_threshold_alpha": [
      0.125,
      0.07000000000000028
    ]
  },
  "hard_negative_fpr_at_decision_threshold_1pct_tie_aware": {
    "hn_account_recovery": 0.0,
    "hn_large_purchase": 0.0,
    "hn_recovery_high_amount": 0.45051282051282054,
    "hn_travel": 0.0,
    "_threshold_alpha": [
      0.125,
      0.07000000000000028
    ]
  },
  "v5_adversarial": {
    "target_fpr": 0.01,
    "metric_version": 5,
    "threshold": 0.125,
    "alpha": 0.07000000000000028,
    "v5_adv_error": 0.20148549416155048,
    "components": {
      "phish_takeover_miss": 0.0,
      "phish_takeover_mfa_phished_miss": 0.15394366197183096,
      "hn_recovery_high_amount_fpr": 0.45051282051282054
    },
    "families": {
      "phish_takeover": {
        "family": "phish_takeover",
        "label": "fraud",
        "n": 224,
        "rate": 1.0,
        "n_above": 224,
        "n_tied": 0,
        "recall": 1.0,
        "miss": 0.0
      },
      "phish_takeover_mfa_phished": {
        "family": "phish_takeover_mfa_phished",
        "label": "fraud",
        "n": 71,
        "rate": 0.846056338028169,
        "n_above": 60,
        "n_tied": 1,
        "recall": 0.846056338028169,
        "miss": 0.15394366197183096
      },
      "hn_recovery_high_amount": {
        "family": "hn_recovery_high_amount",
        "label": "legit",
        "n": 78,
        "rate": 0.45051282051282054,
        "n_above": 35,
        "n_tied": 2,
        "fpr": 0.45051282051282054
      }
    }
  },
  "v5_adv_error": 0.20148549416155048
}