{
  "target_fpr": 0.01,
  "metric_version": 2,
  "per_family": {
    "hn_account_recovery": {
      "point": 0.07301470588235294,
      "ci_lo": 0.0666738728750924,
      "ci_hi": 0.07989253415503417,
      "resamples": 1000,
      "confidence": 0.95
    },
    "hn_large_purchase": {
      "point": 0.0,
      "ci_lo": 0.0,
      "ci_hi": 0.0,
      "resamples": 1000,
      "confidence": 0.95
    },
    "hn_travel": {
      "point": 0.0,
      "ci_lo": 0.0,
      "ci_hi": 0.0,
      "resamples": 1000,
      "confidence": 0.95
    }
  },
  "worst_family": {
    "point": 0.07301470588235294,
    "ci_lo": 0.0666738728750924,
    "ci_hi": 0.07989253415503417,
    "resamples": 1000,
    "confidence": 0.95
  },
  "mean": {
    "point": 0.024338235294117647,
    "ci_lo": 0.022224624291697467,
    "ci_hi": 0.02663084471834472,
    "resamples": 1000,
    "confidence": 0.95
  },
  "tie_fraction_mean": 0.047422971215337395,
  "achieved_fpr_mean": 0.010000000000000002,
  "threshold_mean": -9.9375,
  "alpha_mean": 0.1830971204482462,
  "threshold_point": -9.9375,
  "alpha_point": 0.1829078014184397,
  "tie_fraction_point": 0.0473313192346425,
  "achieved_fpr_point": 0.01,
  "resamples": 1000,
  "confidence": 0.95
}