{
  "auc": {
    "point": 0.9945681201539863,
    "ci_lo": 0.993304741007001,
    "ci_hi": 0.9957444042005342,
    "resamples": 200,
    "confidence": 0.95
  },
  "r_at_fpr_0.001": {
    "target_fpr": 0.001,
    "point": 0.6330887258172114,
    "ci_lo": 0.5731315328365459,
    "ci_hi": 0.6808587034116023,
    "resamples": 200,
    "confidence": 0.95
  },
  "r_at_fpr_0.01": {
    "target_fpr": 0.01,
    "point": 0.8138759172781854,
    "ci_lo": 0.7800734021090587,
    "ci_hi": 0.852058856808168,
    "resamples": 200,
    "confidence": 0.95
  },
  "r_at_fpr_0.05": {
    "target_fpr": 0.05,
    "point": 0.9819879919946631,
    "ci_lo": 0.9704093475470758,
    "ci_hi": 0.990510547658101,
    "resamples": 200,
    "confidence": 0.95
  }
}