{
  "auc": {
    "point": 0.9921512942361459,
    "ci_lo": 0.9905220423060295,
    "ci_hi": 0.9937630323481388,
    "resamples": 200,
    "confidence": 0.95
  },
  "r_at_fpr_0.001": {
    "target_fpr": 0.001,
    "point": 0.5010006671114076,
    "ci_lo": 0.46669696502259467,
    "ci_hi": 0.6025426051994335,
    "resamples": 200,
    "confidence": 0.95
  },
  "r_at_fpr_0.01": {
    "target_fpr": 0.01,
    "point": 0.7298198799199467,
    "ci_lo": 0.6827653928870127,
    "ci_hi": 0.7650980800781562,
    "resamples": 200,
    "confidence": 0.95
  },
  "r_at_fpr_0.05": {
    "target_fpr": 0.05,
    "point": 0.9799866577718479,
    "ci_lo": 0.964102758977477,
    "ci_hi": 0.9905957421908248,
    "resamples": 200,
    "confidence": 0.95
  }
}