{
  "auc": {
    "point": 0.9929132989545157,
    "ci_lo": 0.9915631938954257,
    "ci_hi": 0.994458983319166,
    "resamples": 200,
    "confidence": 0.95
  },
  "r_at_fpr_0.001": {
    "target_fpr": 0.001,
    "point": 0.5023348899266178,
    "ci_lo": 0.45997069335430085,
    "ci_hi": 0.586421181056913,
    "resamples": 200,
    "confidence": 0.95
  },
  "r_at_fpr_0.01": {
    "target_fpr": 0.01,
    "point": 0.7431621080720481,
    "ci_lo": 0.7139992941374554,
    "ci_hi": 0.8064083041619814,
    "resamples": 200,
    "confidence": 0.95
  },
  "r_at_fpr_0.05": {
    "target_fpr": 0.05,
    "point": 0.9853235490326885,
    "ci_lo": 0.9740120701681623,
    "ci_hi": 0.9924807030496391,
    "resamples": 200,
    "confidence": 0.95
  }
}