{
  "auc": {
    "point": 0.996871925980034,
    "ci_lo": 0.9960154127100074,
    "ci_hi": 0.9977200795389984,
    "resamples": 200,
    "confidence": 0.95
  },
  "r_at_fpr_0.001": {
    "target_fpr": 0.001,
    "point": 0.9664864864864865,
    "ci_lo": 0.9602722684745488,
    "ci_hi": 0.9748859152951563,
    "resamples": 200,
    "confidence": 0.95
  },
  "r_at_fpr_0.01": {
    "target_fpr": 0.01,
    "point": 0.9751351351351352,
    "ci_lo": 0.9691183368677924,
    "ci_hi": 0.9808728378429538,
    "resamples": 200,
    "confidence": 0.95
  },
  "r_at_fpr_0.05": {
    "target_fpr": 0.05,
    "point": 0.9812612612612612,
    "ci_lo": 0.976435796955397,
    "ci_hi": 0.9874830101694084,
    "resamples": 200,
    "confidence": 0.95
  }
}