{
  "auc": {
    "point": 0.9999574709844979,
    "ci_lo": 0.9999111902442983,
    "ci_hi": 0.9999916402889375,
    "resamples": 200,
    "confidence": 0.95
  },
  "r_at_fpr_0.001": {
    "target_fpr": 0.001,
    "point": 0.9956756756756757,
    "ci_lo": 0.9924514053161352,
    "ci_hi": 0.9985444620160301,
    "resamples": 200,
    "confidence": 0.95
  },
  "r_at_fpr_0.01": {
    "target_fpr": 0.01,
    "point": 0.9985585585585586,
    "ci_lo": 0.997171208755815,
    "ci_hi": 0.9996546227417641,
    "resamples": 200,
    "confidence": 0.95
  },
  "r_at_fpr_0.05": {
    "target_fpr": 0.05,
    "point": 0.9996396396396396,
    "ci_lo": 0.9989034926639989,
    "ci_hi": 1.0,
    "resamples": 200,
    "confidence": 0.95
  }
}