{
  "n": 5000,
  "auc": 0.9945681201539863,
  "r_at_fpr_0.001": {
    "target_fpr": 0.001,
    "achieved_fpr": 0.000856898029134533,
    "recall": 0.6330887258172114,
    "threshold": 2.5,
    "n_positive": 1499,
    "n_negative": 3501
  },
  "r_at_fpr_0.01": {
    "target_fpr": 0.01,
    "achieved_fpr": 0.009425878320479864,
    "recall": 0.8138759172781854,
    "threshold": 1.25,
    "n_positive": 1499,
    "n_negative": 3501
  },
  "r_at_fpr_0.05": {
    "target_fpr": 0.05,
    "achieved_fpr": 0.04798628963153385,
    "recall": 0.9819879919946631,
    "threshold": -1.6249998807907104,
    "n_positive": 1499,
    "n_negative": 3501
  },
  "per_journey_auc": {
    "clean": NaN,
    "cred_stuff": 0.9971837197094265,
    "hn_account_recovery": NaN,
    "hn_large_purchase": NaN,
    "hn_travel": NaN,
    "malware_rat": 0.982289326601666,
    "mule_chain": 0.9945185507723712,
    "phish_takeover": 1.0,
    "sim_swap": 0.9986862853274798
  },
  "per_actor_auc": {
    "agent_adversarial": NaN,
    "agent_buying": NaN,
    "agent_compromised": NaN,
    "agent_finance": NaN,
    "human": 0.9945334531800697,
    "hybrid": 0.9995338983050848
  },
  "hard_negative_fpr_at_decision_threshold_1pct": {
    "hn_account_recovery": 0.0,
    "hn_large_purchase": 0.06653225806451613,
    "hn_travel": 0.0
  }
}