{
  "stripped": {
    "auc": {
      "point": 0.999725560125091,
      "ci_lo": 0.9995730212789395,
      "ci_hi": 0.9998437509562365,
      "resamples": 1000,
      "confidence": 0.95
    },
    "r_at_fpr_0.001": {
      "target_fpr": 0.001,
      "point": 0.9498458781362007,
      "ci_lo": 0.9120686360121157,
      "ci_hi": 0.9664533489781013,
      "resamples": 1000,
      "confidence": 0.95
    },
    "r_at_fpr_0.01": {
      "target_fpr": 0.01,
      "point": 0.9946236559139785,
      "ci_lo": 0.987855504997718,
      "ci_hi": 0.9981450086142071,
      "resamples": 1000,
      "confidence": 0.95
    },
    "r_at_fpr_0.05": {
      "target_fpr": 0.05,
      "point": 1.0,
      "ci_lo": 1.0,
      "ci_hi": 1.0,
      "resamples": 1000,
      "confidence": 0.95
    },
    "hard_negative_fpr_at_1pct": {
      "target_fpr": 0.01,
      "metric_version": 2,
      "per_family": {
        "hn_account_recovery": {
          "point": 0.0,
          "ci_lo": 0.0,
          "ci_hi": 0.0,
          "resamples": 1000,
          "confidence": 0.95
        },
        "hn_large_purchase": {
          "point": 0.0,
          "ci_lo": 0.0,
          "ci_hi": 0.0,
          "resamples": 1000,
          "confidence": 0.95
        },
        "hn_recovery_high_amount": {
          "point": 0.45051282051282054,
          "ci_lo": 0.36853823138297875,
          "ci_hi": 0.562404761904762,
          "resamples": 1000,
          "confidence": 0.95
        },
        "hn_travel": {
          "point": 0.0,
          "ci_lo": 0.0,
          "ci_hi": 0.0,
          "resamples": 1000,
          "confidence": 0.95
        }
      },
      "worst_family": {
        "point": 0.45051282051282054,
        "ci_lo": 0.36853823138297875,
        "ci_hi": 0.562404761904762,
        "resamples": 1000,
        "confidence": 0.95
      },
      "mean": {
        "point": 0.11262820512820514,
        "ci_lo": 0.09213455784574469,
        "ci_hi": 0.1406011904761905,
        "resamples": 1000,
        "confidence": 0.95
      },
      "tie_fraction_mean": 0.0014936688382599624,
      "achieved_fpr_mean": 0.010000000000000002,
      "threshold_mean": 0.294375,
      "alpha_mean": 0.49873467132867155,
      "threshold_point": 0.25,
      "alpha_point": 0.028000000000000115,
      "tie_fraction_point": 0.0014228799089356858,
      "achieved_fpr_point": 0.01,
      "resamples": 1000,
      "confidence": 0.95
    },
    "v5_adv_error": {
      "target_fpr": 0.01,
      "metric_version": 5,
      "point": 0.15486577585169134,
      "ci_lo": 0.12820229251035703,
      "ci_hi": 0.19376701116900855,
      "resamples": 1000,
      "confidence": 0.95,
      "components": {
        "phish_takeover_miss": {
          "point": 0.0,
          "ci_lo": 0.0,
          "ci_hi": 0.0,
          "resamples": 1000,
          "confidence": 0.95
        },
        "phish_takeover_mfa_phished_miss": {
          "point": 0.014084507042253502,
          "ci_lo": 0.0,
          "ci_hi": 0.05636635907398414,
          "resamples": 1000,
          "confidence": 0.95
        },
        "hn_recovery_high_amount_fpr": {
          "point": 0.45051282051282054,
          "ci_lo": 0.36853823138297875,
          "ci_hi": 0.562404761904762,
          "resamples": 1000,
          "confidence": 0.95
        }
      },
      "point_details": {
        "target_fpr": 0.01,
        "metric_version": 5,
        "threshold": 0.25,
        "alpha": 0.028000000000000115,
        "v5_adv_error": 0.15486577585169134,
        "components": {
          "phish_takeover_miss": 0.0,
          "phish_takeover_mfa_phished_miss": 0.014084507042253502,
          "hn_recovery_high_amount_fpr": 0.45051282051282054
        },
        "families": {
          "phish_takeover": {
            "family": "phish_takeover",
            "label": "fraud",
            "n": 224,
            "rate": 1.0,
            "n_above": 224,
            "n_tied": 0,
            "recall": 1.0,
            "miss": 0.0
          },
          "phish_takeover_mfa_phished": {
            "family": "phish_takeover_mfa_phished",
            "label": "fraud",
            "n": 71,
            "rate": 0.9859154929577465,
            "n_above": 70,
            "n_tied": 0,
            "recall": 0.9859154929577465,
            "miss": 0.014084507042253502
          },
          "hn_recovery_high_amount": {
            "family": "hn_recovery_high_amount",
            "label": "legit",
            "n": 78,
            "rate": 0.45051282051282054,
            "n_above": 35,
            "n_tied": 5,
            "fpr": 0.45051282051282054
          }
        }
      }
    }
  },
  "opaque": {
    "auc": {
      "point": 0.999725560125091,
      "ci_lo": 0.9995730212789395,
      "ci_hi": 0.9998437509562365,
      "resamples": 1000,
      "confidence": 0.95
    },
    "r_at_fpr_0.001": {
      "target_fpr": 0.001,
      "point": 0.9498458781362007,
      "ci_lo": 0.9120686360121157,
      "ci_hi": 0.9664533489781013,
      "resamples": 1000,
      "confidence": 0.95
    },
    "r_at_fpr_0.01": {
      "target_fpr": 0.01,
      "point": 0.9946236559139785,
      "ci_lo": 0.987855504997718,
      "ci_hi": 0.9981450086142071,
      "resamples": 1000,
      "confidence": 0.95
    },
    "r_at_fpr_0.05": {
      "target_fpr": 0.05,
      "point": 1.0,
      "ci_lo": 1.0,
      "ci_hi": 1.0,
      "resamples": 1000,
      "confidence": 0.95
    },
    "hard_negative_fpr_at_1pct": {
      "target_fpr": 0.01,
      "metric_version": 2,
      "per_family": {
        "hn_account_recovery": {
          "point": 0.0,
          "ci_lo": 0.0,
          "ci_hi": 0.0,
          "resamples": 1000,
          "confidence": 0.95
        },
        "hn_large_purchase": {
          "point": 0.0,
          "ci_lo": 0.0,
          "ci_hi": 0.0,
          "resamples": 1000,
          "confidence": 0.95
        },
        "hn_recovery_high_amount": {
          "point": 0.45051282051282054,
          "ci_lo": 0.36853823138297875,
          "ci_hi": 0.562404761904762,
          "resamples": 1000,
          "confidence": 0.95
        },
        "hn_travel": {
          "point": 0.0,
          "ci_lo": 0.0,
          "ci_hi": 0.0,
          "resamples": 1000,
          "confidence": 0.95
        }
      },
      "worst_family": {
        "point": 0.45051282051282054,
        "ci_lo": 0.36853823138297875,
        "ci_hi": 0.562404761904762,
        "resamples": 1000,
        "confidence": 0.95
      },
      "mean": {
        "point": 0.11262820512820514,
        "ci_lo": 0.09213455784574469,
        "ci_hi": 0.1406011904761905,
        "resamples": 1000,
        "confidence": 0.95
      },
      "tie_fraction_mean": 0.0014936688382599624,
      "achieved_fpr_mean": 0.010000000000000002,
      "threshold_mean": 0.294375,
      "alpha_mean": 0.49873467132867155,
      "threshold_point": 0.25,
      "alpha_point": 0.028000000000000115,
      "tie_fraction_point": 0.0014228799089356858,
      "achieved_fpr_point": 0.01,
      "resamples": 1000,
      "confidence": 0.95
    },
    "v5_adv_error": {
      "target_fpr": 0.01,
      "metric_version": 5,
      "point": 0.15486577585169134,
      "ci_lo": 0.12820229251035703,
      "ci_hi": 0.19376701116900855,
      "resamples": 1000,
      "confidence": 0.95,
      "components": {
        "phish_takeover_miss": {
          "point": 0.0,
          "ci_lo": 0.0,
          "ci_hi": 0.0,
          "resamples": 1000,
          "confidence": 0.95
        },
        "phish_takeover_mfa_phished_miss": {
          "point": 0.014084507042253502,
          "ci_lo": 0.0,
          "ci_hi": 0.05636635907398414,
          "resamples": 1000,
          "confidence": 0.95
        },
        "hn_recovery_high_amount_fpr": {
          "point": 0.45051282051282054,
          "ci_lo": 0.36853823138297875,
          "ci_hi": 0.562404761904762,
          "resamples": 1000,
          "confidence": 0.95
        }
      },
      "point_details": {
        "target_fpr": 0.01,
        "metric_version": 5,