{
  "n": 5002,
  "metric_version": 5,
  "auc": 0.999725560125091,
  "r_at_fpr_0.001": {
    "target_fpr": 0.001,
    "achieved_fpr": 0.001,
    "threshold": 1.875,
    "alpha": 0.17133333333333342,
    "n_above": 3,
    "n_tied": 3,
    "need": 3.5140000000000002,
    "tie_fraction": 0.0008537279453614115,
    "recall": 0.9498458781362007,
    "n_positive": 1488,
    "n_negative": 3514
  },
  "r_at_fpr_0.01": {
    "target_fpr": 0.01,
    "achieved_fpr": 0.01,
    "threshold": 0.25,
    "alpha": 0.028000000000000115,
    "n_above": 35,
    "n_tied": 5,
    "need": 35.14,
    "tie_fraction": 0.0014228799089356858,
    "recall": 0.9946236559139785,
    "n_positive": 1488,
    "n_negative": 3514
  },
  "r_at_fpr_0.05": {
    "target_fpr": 0.05,
    "achieved_fpr": 0.05,
    "threshold": -5.5,
    "alpha": 0.36153846153846286,
    "n_above": 171,
    "n_tied": 13,
    "need": 175.70000000000002,
    "tie_fraction": 0.003699487763232783,
    "recall": 1.0,
    "n_positive": 1488,
    "n_negative": 3514
  },
  "per_journey_auc": {
    "clean": NaN,
    "cred_stuff": 1.0,
    "hn_account_recovery": NaN,
    "hn_large_purchase": NaN,
    "hn_recovery_high_amount": NaN,
    "hn_travel": NaN,
    "malware_rat": 1.0,
    "mule_chain": 1.0,
    "phish_takeover": 1.0,
    "phish_takeover_mfa_phished": 0.999272527595854,
    "sim_swap": 0.9988418311910059
  },
  "per_actor_auc": {
    "agent_adversarial": NaN,
    "agent_buying": 1.0,
    "agent_compromised": NaN,
    "agent_finance": 1.0,
    "human": 0.9994707749449554,
    "hybrid": 1.0
  },
  "hard_negative_fpr_at_decision_threshold_1pct": {
    "hn_account_recovery": 0.0,
    "hn_large_purchase": 0.0,
    "hn_recovery_high_amount": 0.45051282051282054,
    "hn_travel": 0.0,
    "_threshold_alpha": [
      0.25,
      0.028000000000000115
    ]
  },
  "hard_negative_fpr_at_decision_threshold_1pct_tie_aware": {
    "hn_account_recovery": 0.0,
    "hn_large_purchase": 0.0,
    "hn_recovery_high_amount": 0.45051282051282054,
    "hn_travel": 0.0,
    "_threshold_alpha": [
      0.25,
      0.028000000000000115
    ]
  },
  "v5_adversarial": {
    "target_fpr": 0.01,
    "metric_version": 5,
    "threshold": 0.25,
    "alpha": 0.028000000000000115,
    "v5_adv_error": 0.15486577585169134,
    "components": {
      "phish_takeover_miss": 0.0,
      "phish_takeover_mfa_phished_miss": 0.014084507042253502,
      "hn_recovery_high_amount_fpr": 0.45051282051282054
    },
    "families": {
      "phish_takeover": {
        "family": "phish_takeover",
        "label": "fraud",
        "n": 224,
        "rate": 1.0,
        "n_above": 224,
        "n_tied": 0,
        "recall": 1.0,
        "miss": 0.0
      },
      "phish_takeover_mfa_phished": {
        "family": "phish_takeover_mfa_phished",
        "label": "fraud",
        "n": 71,
        "rate": 0.9859154929577465,
        "n_above": 70,
        "n_tied": 0,
        "recall": 0.9859154929577465,
        "miss": 0.014084507042253502
      },
      "hn_recovery_high_amount": {
        "family": "hn_recovery_high_amount",
        "label": "legit",
        "n": 78,
        "rate": 0.45051282051282054,
        "n_above": 35,
        "n_tied": 5,
        "fpr": 0.45051282051282054
      }
    }
  },
  "v5_adv_error": 0.15486577585169134
}