{
  "target_fpr": 0.01,
  "metric_version": 2,
  "per_family": {
    "hn_account_recovery": {
      "point": 0.05830882352941176,
      "ci_lo": 0.04645594707878138,
      "ci_hi": 0.07059160666919288,
      "resamples": 1000,
      "confidence": 0.95
    },
    "hn_large_purchase": {
      "point": 0.018691588785046728,
      "ci_lo": 0.0060601483109035984,
      "ci_hi": 0.03226043643263757,
      "resamples": 1000,
      "confidence": 0.95
    },
    "hn_travel": {
      "point": 0.0,
      "ci_lo": 0.0,
      "ci_hi": 0.0,
      "resamples": 1000,
      "confidence": 0.95
    }
  },
  "worst_family": {
    "point": 0.05830882352941176,
    "ci_lo": 0.04645594707878138,
    "ci_hi": 0.07059160666919288,
    "resamples": 1000,
    "confidence": 0.95
  },
  "mean": {
    "point": 0.025666804104819498,
    "ci_lo": 0.02361847714557605,
    "ci_hi": 0.02775799889490426,
    "resamples": 1000,
    "confidence": 0.95
  },
  "tie_fraction_mean": 0.0014105471449922698,
  "achieved_fpr_mean": 0.01,
  "threshold_mean": -7.013875,
  "alpha_mean": 0.5111388416305918,
  "threshold_point": -7.125,
  "alpha_point": 0.4474999999999998,
  "tie_fraction_point": 0.001342732460557234,
  "achieved_fpr_point": 0.01,
  "resamples": 1000,
  "confidence": 0.95
}