{
  "target_fpr": 0.01,
  "metric_version": 2,
  "per_family": {
    "hn_account_recovery": {
      "point": 0.05366421568627451,
      "ci_lo": 0.04206607023650582,
      "ci_hi": 0.06535727380706466,
      "resamples": 1000,
      "confidence": 0.95
    },
    "hn_large_purchase": {
      "point": 0.024595015576323986,
      "ci_lo": 0.010736706102117067,
      "ci_hi": 0.039600908667944947,
      "resamples": 1000,
      "confidence": 0.95
    },
    "hn_travel": {
      "point": 0.0,
      "ci_lo": 0.0,
      "ci_hi": 0.0,
      "resamples": 1000,
      "confidence": 0.95
    }
  },
  "worst_family": {
    "point": 0.05366421568627451,
    "ci_lo": 0.04277358159702849,
    "ci_hi": 0.06535727380706466,
    "resamples": 1000,
    "confidence": 0.95
  },
  "mean": {
    "point": 0.026086410420866166,
    "ci_lo": 0.024175783069861678,
    "ci_hi": 0.028141689261949644,
    "resamples": 1000,
    "confidence": 0.95
  },
  "tie_fraction_mean": 0.001286723179270073,
  "achieved_fpr_mean": 0.01,
  "threshold_mean": -8.035875,
  "alpha_mean": 0.5008181836219339,
  "threshold_point": -8.0,
  "alpha_point": 0.8949999999999996,
  "tie_fraction_point": 0.000671366230278617,
  "achieved_fpr_point": 0.01,
  "resamples": 1000,
  "confidence": 0.95
}