{
  "target_fpr": 0.01,
  "metric_version": 2,
  "per_family": {
    "hn_account_recovery": {
      "point": 0.06566176470588235,
      "ci_lo": 0.05469857142857143,
      "ci_hi": 0.0749339430894309,
      "resamples": 1000,
      "confidence": 0.95
    },
    "hn_large_purchase": {
      "point": 0.009345794392523364,
      "ci_lo": 0.001090178571428587,
      "ci_hi": 0.021943880225072435,
      "resamples": 1000,
      "confidence": 0.95
    },
    "hn_travel": {
      "point": 0.0,
      "ci_lo": 0.0,
      "ci_hi": 0.0,
      "resamples": 1000,
      "confidence": 0.95
    }
  },
  "worst_family": {
    "point": 0.06566176470588235,
    "ci_lo": 0.05469857142857143,
    "ci_hi": 0.0749339430894309,
    "resamples": 1000,
    "confidence": 0.95
  },
  "mean": {
    "point": 0.02500251969946857,
    "ci_lo": 0.022953108510148267,
    "ci_hi": 0.02725018066381789,
    "resamples": 1000,
    "confidence": 0.95
  },
  "tie_fraction_mean": 0.0014248891500136755,
  "achieved_fpr_mean": 0.01,
  "threshold_mean": -6.621,
  "alpha_mean": 0.49634507264957284,
  "threshold_point": -6.625,
  "alpha_point": 0.5966666666666663,
  "tie_fraction_point": 0.0010070493454179255,
  "achieved_fpr_point": 0.01,
  "resamples": 1000,
  "confidence": 0.95
}