{
  "stripped": {
    "target_fpr": 0.01,
    "metric_version": 2,
    "per_family": {
      "hn_account_recovery": {
        "point": 0.05366421568627451,
        "ci_lo": 0.04206607023650582,
        "ci_hi": 0.06535727380706466,
        "resamples": 1000,
        "confidence": 0.95
      },
      "hn_large_purchase": {
        "point": 0.024595015576323986,
        "ci_lo": 0.010736706102117067,
        "ci_hi": 0.039600908667944947,
        "resamples": 1000,
        "confidence": 0.95
      },
      "hn_travel": {
        "point": 0.0,
        "ci_lo": 0.0,
        "ci_hi": 0.0,
        "resamples": 1000,
        "confidence": 0.95
      }
    },
    "worst_family": {
      "point": 0.05366421568627451,
      "ci_lo": 0.04277358159702849,
      "ci_hi": 0.06535727380706466,
      "resamples": 1000,
      "confidence": 0.95
    },
    "mean": {
      "point": 0.026086410420866166,
      "ci_lo": 0.024175783069861678,
      "ci_hi": 0.028141689261949644,
      "resamples": 1000,
      "confidence": 0.95
    },
    "tie_fraction_mean": 0.001286723179270073,
    "achieved_fpr_mean": 0.01,
    "threshold_mean": -8.035875,
    "alpha_mean": 0.5008181836219339,
    "threshold_point": -8.0,
    "alpha_point": 0.8949999999999996,
    "tie_fraction_point": 0.000671366230278617,
    "achieved_fpr_point": 0.01,
    "resamples": 1000,
    "confidence": 0.95
  },
  "opaque": {
    "target_fpr": 0.01,
    "metric_version": 2,
    "per_family": {
      "hn_account_recovery": {
        "point": 0.06566176470588235,
        "ci_lo": 0.05469857142857143,
        "ci_hi": 0.0749339430894309,
        "resamples": 1000,
        "confidence": 0.95
      },
      "hn_large_purchase": {
        "point": 0.009345794392523364,
        "ci_lo": 0.001090178571428587,
        "ci_hi": 0.021943880225072435,
        "resamples": 1000,
        "confidence": 0.95
      },
      "hn_travel": {
        "point": 0.0,
        "ci_lo": 0.0,
        "ci_hi": 0.0,
        "resamples": 1000,
        "confidence": 0.95
      }
    },
    "worst_family": {
      "point": 0.06566176470588235,
      "ci_lo": 0.05469857142857143,
      "ci_hi": 0.0749339430894309,
      "resamples": 1000,
      "confidence": 0.95
    },
    "mean": {
      "point": 0.02500251969946857,
      "ci_lo": 0.022953108510148267,
      "ci_hi": 0.02725018066381789,
      "resamples": 1000,
      "confidence": 0.95
    },
    "tie_fraction_mean": 0.0014248891500136755,
    "achieved_fpr_mean": 0.01,
    "threshold_mean": -6.621,
    "alpha_mean": 0.49634507264957284,
    "threshold_point": -6.625,
    "alpha_point": 0.5966666666666663,
    "tie_fraction_point": 0.0010070493454179255,
    "achieved_fpr_point": 0.01,
    "resamples": 1000,
    "confidence": 0.95
  },
  "full": {
    "target_fpr": 0.01,
    "metric_version": 2,
    "per_family": {
      "hn_account_recovery": {
        "point": 0.05830882352941176,
        "ci_lo": 0.04645594707878138,
        "ci_hi": 0.07059160666919288,
        "resamples": 1000,
        "confidence": 0.95
      },
      "hn_large_purchase": {
        "point": 0.018691588785046728,
        "ci_lo": 0.0060601483109035984,
        "ci_hi": 0.03226043643263757,
        "resamples": 1000,
        "confidence": 0.95
      },
      "hn_travel": {
        "point": 0.0,
        "ci_lo": 0.0,
        "ci_hi": 0.0,
        "resamples": 1000,
        "confidence": 0.95
      }
    },
    "worst_family": {
      "point": 0.05830882352941176,
      "ci_lo": 0.04645594707878138,
      "ci_hi": 0.07059160666919288,
      "resamples": 1000,
      "confidence": 0.95
    },
    "mean": {
      "point": 0.025666804104819498,
      "ci_lo": 0.02361847714557605,
      "ci_hi": 0.02775799889490426,
      "resamples": 1000,
      "confidence": 0.95
    },
    "tie_fraction_mean": 0.0014105471449922698,
    "achieved_fpr_mean": 0.01,
    "threshold_mean": -7.013875,
    "alpha_mean": 0.5111388416305918,
    "threshold_point": -7.125,
    "alpha_point": 0.4474999999999998,
    "tie_fraction_point": 0.001342732460557234,
    "achieved_fpr_point": 0.01,
    "resamples": 1000,
    "confidence": 0.95
  }
}